pt,title,lokasi,is_urgent,gaji,pendidikan,level,link,tipe_pekerjaan,description,post_date
"PT Mitra Cipta Hardi Elektrindo","Finance Accounting Staff","Jakarta Pusat",false,LABEL_COMPETITIVE_SALARY,"[""S1"",""D3"",""SMA""]","Pemula / Staf",https://karir.com//opportunities/1391446,"Tidak Disebutkan","<p>Pendidikan Minimal SMK Akuntansi
</p><p>Mampu mengoperasikan komputer (Ms. Office)
</p><p>Mampu berkomunikasi dengan baik
</p><p>Disiplin, teliti, rapi dan berintegritas
</p><p>Memiliki kemampuan interpersonal dan komunikasi yang baik
</p><p>Mampu bekerja dalam tim</p>",2024-04-29T03:44:00.353522Z
"CV Bara Coaching Indonesia","Staff Administrasi",Surabaya,false,LABEL_COMPETITIVE_SALARY,"[""S1"",""D3""]","Pemula / Staf",https://karir.com//opportunities/1394897,"Tidak Disebutkan","<p>1. Laki laki/ perempuan</p><p>2. Minimal lulusan D3 atau sederajat semua jurusan</p><p>3. Mampu mengoperasikan komputer terutama Ms. Word dan Ms. Excel</p><p>4. Mampu berkomunikasi dengan baik</p><p>5. Mampu bekerjasama dalam tim</p><p>6. Jujur, disiplin dan teliti</p><p>7. Memahami alur keuangan</p>",2024-04-29T06:36:30.989135Z
"PT Pesonna Indonesia Jaya","Talent Development Staff","Jakarta Pusat",false,LABEL_COMPETITIVE_SALARY,"[""S1"",""D3""]","Pemula / Staf",https://karir.com//opportunities/1394870,"Tidak Disebutkan","<ul><li>Pendidikan dan Latar Belakang FB dan Psikologi.(<strong>manajemen /sertifikasi SDM menjadi nilai tambah.)</strong></li><li>Pengalaman Kerja min 2 tahun dibidang yang sama..
</li><li>Memilki Keterampilan Interpersonal.</li><li>Pemahaman tentang Pengembangan Bakat.</li><li>Kreativitas dan Inovasi.</li><li>Kemampuan Organisasi dan Manajemen Waktu.&nbsp;</li><li>Komitmen terhadap Pertumbuhan dan Pembelajaran.&nbsp;</li><li>Kemampuan Analitis.&nbsp;</li><li>Memiliki integritas tinggi dan mematuhi standar etika profesional dalam semua aspek pekerjaan.</li><li><strong>Domisili di Jabodetabek (Jakarta diutamakan)</strong></li><li><strong>Bersedia untuk ditugaskan keluar kota Jakarta<br></strong><br></li></ul><br>





",2024-04-26T08:24:36.105168Z
"PT Akari Indonesia","Staff HRD / Personalia",Sidoarjo,false,LABEL_COMPETITIVE_SALARY,"[""S1""]","Pemula / Staf",https://karir.com//opportunities/1394843,"Tidak Disebutkan","<p><ul><li>Usia maksimal 30 Tahun</li><li>Pendidikan Min. S1 Manajemen SDM / Psikologi</li><li>IPK Min. 3.00</li><li>Berpengalaman / Fresh Graduate</li><li>Memiliki skill komunikasi yang baik</li></ul></p>",2024-04-26T01:37:35.535441Z
"PT Mitra Sejuk Selaras","Accounting Staff","Jakarta Barat",true,LABEL_COMPETITIVE_SALARY,"[""D3""]","Staf Senior",https://karir.com//opportunities/1394837,"Tidak Disebutkan","<p>Requirement
</p><p>- Wanita</p><p>• Pendidikan minimal S1 yang berhubungan terutama Accounting / Finance&nbsp;</p><p>• Pengalaman minimal 1 tahun di bidang&nbsp; Akutansi.
</p><p>• Mengerti penggunaan Microsoft Office, terutama Excel.
</p><p>• Logika dan hitungan yang kuat, teliti, fast learning, orientasi pada detail.
</p><p>- Lokasi Kerja Jakarta Barat</p><p>• Kemampuan untuk bekerja secara kooperatif dan bersama dengan semua tingkatan karyawan, manajemen dan vendor eksternal untuk memaksimalkan kinerja, kreativitas, penyelesaian masalah dan hasil.
</p><p>• Mempunyai keterampilan English yang sangat baik (tertulis dan verbal).
</p><p>• Memberikan ide dan saran kepada management management.
</p><p>• Bertanggung jawab terhadap atasan.</p>",2024-04-25T07:57:30.958346Z
"PT Inti Solid Tritama","Staff Accounting",Bandung,false,LABEL_COMPETITIVE_SALARY,"[""S1""]","Pemula / Staf",https://karir.com//opportunities/1394322,"Tidak Disebutkan","<p>Pendidikan minimal S1 Akuntansi&nbsp;</p><p>Diutamakan yang sudah berpengalaman (mininal 2 tahun)</p><p>Mampu bekerja secara mandiri maupun dalam tim</p><p>Laki laki / Perempuan&nbsp;</p><p>Ditempatkan di Bandung</p>",2024-04-25T05:54:00Z
"ASABA GROUP","IT Staff (placement in banking client - Purwokerto)",Purwokerto,false,LABEL_COMPETITIVE_SALARY,"[""S1"",""D3""]","Pemula / Staf",https://karir.com//opportunities/1394817,"Tidak Disebutkan","<ul><li>Diploma / Bachelor's Degree from Computer Sciences, Information Technology or a related field preferred with minimum GPA 3.00</li><li>Experience as IT Support or IT Helpdesk in Banking Company</li><li>Fresh graduates are welcome to apply</li><li>Required Skill(s): SQL, troubleshooting, networking, helpdesk, service desk, mobility</li><li>Having good analytical problem solving and good communication skill</li><li>Willing to work in shifts</li><li>Placement in our banking client in Purwokerto, Jawa Tengah<br></li></ul>",2024-04-24T08:27:16.147233Z
"PT Bina Talenta","Accounting Staff",Bogor,true,LABEL_COMPETITIVE_SALARY,"[""S1""]","Pemula / Staf",https://karir.com//opportunities/1394819,"Tidak Disebutkan","<ul><li>&nbsp;Bachelor Degree majoring Accounting</li><li>&nbsp;2-3 years in similar position or in public accounting firmPC (SAP and Windows 95) proficient</li><li>&nbsp;Good organization and communication skills </li><li>&nbsp;Experience with regulatory matters </li><li>&nbsp;Excellent oral and written English skills </li><li>&nbsp;Accounting Standard (IFRS, US GAAP and Local GAAP) </li><li>&nbsp;Communication, leadership skills </li><li>&nbsp; Ability to utilize automated data processing systems; work continuously and accurately with figures </li><li>&nbsp;Certified Public Accountant </li><li>&nbsp;Basic knowledge of ISO IATF 16949, SMK3, ISO 14001, and Eco Industry</li><li><strong>Work Location : Wanaherang, Gunung Putri. Kab. Bogor <br></strong></li></ul><p><strong><br></strong></p><p><strong>Benefit :</strong></p><ul><li>Basic Salary / gross</li><li>Transport Allowance</li><li>Catering makan siang</li><li>BPJS</li><li>Lembur (Jika dibutuhkan)</li><li>THR</li><li>Kompensasi kontrak kerja<br></li></ul>",2024-04-24T10:03:40.808069Z
"PT Bina Talenta","Procurement staff",Bogor,false,LABEL_COMPETITIVE_SALARY,"[""S1""]","Pemula / Staf",https://karir.com//opportunities/1394823,"Tidak Disebutkan","<ul><li>Have at least Bachelor’s degree from top tier university</li><li>Minimum of 3+ years of experience in a similar position</li><li>Experience in basic knowledge of accounting, finance, and legal terms</li><li>Have the ability to negotiate</li><li>Work Location : Wanaherang - Gunung Putri Kab. Bogor<br></li></ul>",2024-04-24T10:33:18.726306Z
"Xperteam Consultant","Accounting Staff",Bandung,false,LABEL_COMPETITIVE_SALARY,"[""S1""]","Pemula / Staf",https://karir.com//opportunities/1394789,"Tidak Disebutkan","<p><strong>Kualifikasi</strong></p><p>1. Fresh Graduate/Pengalaman Max 1 tahun</p><p>2. Pendidikan S1 Akuntansi/keuangan/manajemen</p><p>3. Menguasai Microsoft Office (word, excel)</p><p>4. Memiliki pengetahuan/terbiasa menggunakan SAP</p>",2024-04-23T03:54:49.100412Z
"PT Astronacci International","Sales Staff","Jakarta Utara",false,LABEL_COMPETITIVE_SALARY,"[""SMA""]","Pemula / Staf",https://karir.com//opportunities/1391666,"Tidak Disebutkan","<p><strong>Kalau kamu memiliki kualifikasi dibawah ini :</strong></p>

<ol>
	<li>Kamu, minimal lulusan SMA/SMK</li>
	<li>Kamu punya pengalaman bekerja minimal 2 tahun akan lebih kita prioritaskan</li>
	<li>Pastinya kamu harus memiliki etika yang baik</li>
	<li>Kamu mahir berkomunikasi baik secara lisan maupun tulisan</li>
	<li>Tidak gaptek dalam penggunaan media sosial dan komputer</li>
	<li>Kamu bisa bekerja secara individual ataupun dalam tim</li>
</ol>

<p><strong>Segera join bersama kita ya. Karena kamu akan dapetin ini semua:</strong></p>

<ol>
	<li>Kalau kamu rajin &amp; disiplin, akan dapat tunjangan kerajinan dan kedisiplinan</li>
	<li>Tunjangan komunikasi buat kamu isi pulsa atau kuota setiap bulannya</li>
	<li>Kamu udah gak perlu lagi bingung cari makan siang karena kita siapin kamu makan siang</li>
	<li>Komisi tiap bulan yang akan kamu dapetin</li>
	<li>Budaya kerja yang sangat kekeluargaan</li>
	<li>Banyak aktivitas kantor yang dapat kamu ikutin, seperti tiap minggu akan ada olahraga bareng</li>
	<li>Akan jadi karyawan tetap kalau kamu lulus dari masa percobaan</li>
</ol>

<p><strong>Waktu kerjanya :</strong><br />
Senin (07.45 - 16.45 WIB), Selasa - Jumat (08.30 - 17.30 WIB)</p>
",2024-04-22T06:25:09.763746Z
"PT Batavia Prosperindo Trans","Account Payable Staff","Prov. Banten",true,LABEL_COMPETITIVE_SALARY,"[""S1""]","Pemula / Staf",https://karir.com//opportunities/1394765,"Tidak Disebutkan","<p>o Berusia maksimal 28 tahun.
</p><p>o Pendidikan S-1 Ekonomi Manajemen.
</p><p>o Memiliki pengalaman kerja di bidang yang sama minimal 1 tahun
</p><p>o Berbahasa Inggris minimal Pasif.
</p><p>o Mahir menggunakan Microsoft Office.
</p><p>o Teliti, rapih, komunikatif, cekatan, ulet, mampu kerjasama tim.
</p><p>o Memiliki pengetahuan dasar otomotif merupakan nilai tambah
</p><p>o Penempatan di BSD (lebih disukai berdomisili di daerah Tangerang &amp; Tangerang Selatan)
</p><p><br></p>",2024-04-19T09:59:54.358805Z
"PT Lion Metal Works Tbk","Collection Staff","Jakarta Timur",false,LABEL_COMPETITIVE_SALARY,"[""D3""]","Pemula / Staf",https://karir.com//opportunities/1394336,"Tidak Disebutkan","<p>Requirements :
</p><p><ul><li>Female, Max. age of 26 years old
</li><li>Fresh graduate are welcome to apply
</li><li>Diploma degree in Accounting</li><li>Have the English &amp; Mandarin skill at least passive
</li><li>Can use the computer (MS.Office)
</li><li>Strong interpersonal, Flexible, highly motivated person, and good communication skills.
</li><li>Placement at Jakarta</li></ul></p>",2024-04-19T02:15:00Z
"PT Mitralab Buana","Staff Sampling","Jakarta Selatan",false,LABEL_COMPETITIVE_SALARY,"[""S2"",""S1"",""D3"",""SMA""]","Pemula / Staf",https://karir.com//opportunities/1314298,"Tidak Disebutkan","<p><ul><li>Pria</li><li>Pendidikan min. SMK Analis Kimia, D3/S1 Analis Kimia &amp;&nbsp; Teknik Lingkungan / Kesehatan Masyarakat</li><li>Berpengalaman (lebih diutamakan)
</li><li>Mampu bekerja secara individu dan team
</li><li>Domisili JABODETABEK</li></ul></p>",2024-04-19T03:24:55.946999Z
"PT BPR Kredit Mandiri Indonesia","STAFF ACCOUNTING ",Tangerang,false,LABEL_COMPETITIVE_SALARY,"[""S1""]","Pemula / Staf",https://karir.com//opportunities/1394711,"Tidak Disebutkan","<p><ul><li>USIA MAX 28THN</li><li>PENDIDIKAN MIN S1-AKUNTANSI</li><li>PENGALAMAN MIN 1 TAHUN
</li><li>MAMPU MENGOPERASIKAN DAN MENGERTI MS OFFICE
</li><li>MENGUASAI SYSTEM PELAPORAN APLIKASI PERPAJAKAN (E-SPT, UNIFIKASI, E-FAKTUR DAN E-BILLING)
</li><li>MENGERTI PERPAJAKAN UNTUK PPH 21, PPH 23, PPH 4(2), PPH 25 DAN PPN
</li><li>DAPAT BEKERJA DALAM TEAM WORK
</li><li>DAPAT BEKERJA DALAM TEKANAN DAN TENGGAT WAKTU</li></ul></p>",2024-04-18T02:06:49.840682Z
"PT Handal Guna Sarana","Staff Gudang","Prov. DKI-Jakarta",false,LABEL_COMPETITIVE_SALARY,"[""S1"",""D3"",""SMA"",""Apa Saja""]","Pemula / Staf",https://karir.com//opportunities/1394687,"Tidak Disebutkan","<p><ul><li>Pendidikan minimal SMK/SMA</li><li>Usia maksimal 30 tahun</li><li>Memiliki pengalaman kerja posisi yang sama (lebih disukai)</li><li>Memiliki komunikasi yang baik.</li><li>Bersedia ditempatkan sesuai kebutuhan perusahaan</li></ul></p><br>",2024-04-17T02:54:26.114847Z
"KRESNA GROUP","Regulatory Affairs Staff","Jakarta Pusat",false,LABEL_COMPETITIVE_SALARY,"[""S1""]","Pemula / Staf",https://karir.com//opportunities/1394679,"Tidak Disebutkan","<p><ul><li>Usia maks. 30 tahun
</li><li>Pendidikan min. D3/S1 Pertanian/Agroteknologi/Agribisnis
</li><li>Pengalaman min. 2 tahun diindustri pertanian
</li><li>Menguasai MS Office
</li><li>Memiliki kemampuan analisa yang baik
</li><li>Memiliki pengetahuan dalam registrasi produk pada instansi pemerintah terkait
</li><li>Dapat berkomunikasi dengan baik serta cekatan
</li><li>Dapat bekerja secara tim maupun individual
</li><li>Familiar dengan sistem OSS
</li><li>Memahami dan menguasai ISO 14001:2015, 9001:2015</li></ul></p>",2024-04-17T01:55:37.821124Z
"PT Sinarmulia Sukses Makmur","IT Staff","Jakarta Selatan",false,LABEL_COMPETITIVE_SALARY,"[""SMA""]","Pemula / Staf",https://karir.com//opportunities/1374576,"Tidak Disebutkan","<div data-pasted=""1"">
<ul>
<li>Pria/ Wanita</li>
<li>Usia maksimal 28th</li>
<li>Pendidikan Minimal SMK sederajat</li>
<li>Pengalaman Minimal Mampu Microsoft Office</li>
<li>Sallary Negotiable</li>
<li>Lebih disukai jika punya pengalaman Mengurusi E-Commerce</li>
<li>Menguasai Wordpress dan Woocommerce</li>
<li>Menguasai html, css dan php</li>
<li>Familiar dengan website</li>
</ul>
</div>",2024-04-16T10:08:58.688561Z
"PT Gunta Samba Jaya","Staff Accounting","Prov. DKI-Jakarta",false,LABEL_COMPETITIVE_SALARY,"[""S1""]","Pemula / Staf",https://karir.com//opportunities/1358431,"Tidak Disebutkan","<p>Pendidikan dan kompetensi :  
</p><p>•	Minimal DIII atau S1 Akuntansi 
</p><p>•	Memahami prinsip akuntansi dasar
</p><p>•	Menyukai keteraturan, kerapihan dan akurat
</p><p>•	Dapat bekerja sama dengan rekan yang lain, dan tahan terhadap tekanan 
</p><p>•	Memahami (familiar) dengan program MS Office terutama Excell (Spread sheet) akan banyak membantu.
</p><p>Bersedia dinas ke wilayah operasional perusahaan</p><br>",2024-04-16T04:31:55.711385Z
"Tomato Online","Sales  & Marketing Staff","Jakarta Barat",false,LABEL_COMPETITIVE_SALARY,"[""SMA""]","Pemula / Staf",https://karir.com//opportunities/1394276,"Tidak Disebutkan","<ul><li>Pria usia maksimal 35 Tahun</li><li>Pendidikan min SMA dari segala jurusan&nbsp;</li><li>Mempunyai pengalaman min 1 tahun di bidang pemasaran consumer good</li><li>Memiliki kemampuan negosiasi yang baik</li><li>Menyukai tantangan baru &amp; dunia baru</li><li>Berkepribadian aktif, dinamis, kompetitif &amp; mau berkembang</li><li>Dapat bekerjasama dalam tim maupun individu</li><li>Mampu mengoperasikan MS Office</li><li>Mempunyai semangat yang tinggi dan berorientasi pada hasil untuk berkembang bersama kami</li><li>Bersedia di tempatkan di Cengkareng, Jakarta Barat</li></ul>",2024-04-16T02:20:00Z
"PT Shelter Nusantara","STAFF GENERAL AFFAIR",Surabaya,false,LABEL_COMPETITIVE_SALARY,"[""S1""]","Pemula / Staf",https://karir.com//opportunities/1394676,"Tidak Disebutkan","<p>- Laki – laki / Perempuan usia max 40 tahun
</p><p>- Pendidikan minimal S1 semua jurusan
</p><p>- Menguasai Microsoft Excel
</p><p>- Memahami proses end to end recruitment dan bisa mengoperasikan alat tes psikologi
</p><p>- Pengalaman min. 1 tahun di bidang yang sama
</p><p>- Jujur dan memiliki Inisiatif tinggi.
</p><p>Lokasi : Surabaya
</p><p><br></p>
",2024-04-16T08:33:02.833547Z
"PT Sinarmulia Sukses Makmur","IT Staff","Jakarta Selatan",false,LABEL_COMPETITIVE_SALARY,"[""SMA""]","Pemula / Staf",https://karir.com//opportunities/1374576,"Tidak Disebutkan","<div data-pasted=""1"">
<ul>
<li>Pria/ Wanita</li>
<li>Usia maksimal 28th</li>
<li>Pendidikan Minimal SMK sederajat</li>
<li>Pengalaman Minimal Mampu Microsoft Office</li>
<li>Sallary Negotiable</li>
<li>Lebih disukai jika punya pengalaman Mengurusi E-Commerce</li>
<li>Menguasai Wordpress dan Woocommerce</li>
<li>Menguasai html, css dan php</li>
<li>Familiar dengan website</li>
</ul>
</div>",2024-04-16T10:08:58.688561Z
"PT Graha Esa","STAFF HRD","Jakarta Utara",false,LABEL_COMPETITIVE_SALARY,"[""S1""]","Pemula / Staf",https://karir.com//opportunities/1393560,"Tidak Disebutkan","<p>Male, max 35 years old.
</p><p>Min. 3 years experience in HR is a must.
</p><p>Bachelor’s degree in Psychology, Management, Law or a related field.
</p><p>Responsible to handle HR administrative.
</p><p>Have a good knowledge and well experience in End to End Recruitment, Job
</p><p>Evaluation, HR Policies and labor laws related to compensation and benefits.
</p><p>Computer literate (MS Office)
</p><p>Competent in English (Oral and Written)
</p><p>Very good communication skills (oral and written)
</p><p>Possession of a valid driver’s license (SIM A &amp; C) is preferred.
</p><p>High integrity and honest.</p>",2024-04-16T06:19:58.686687Z
"PT Artha Demo Engineering Consultant","Staff Teknik Geodesi / Geografi",Bandung,false,LABEL_COMPETITIVE_SALARY,"[""S2"",""S1""]","Staf Senior",https://karir.com//opportunities/1394657,"Tidak Disebutkan","<p>1. Pria / Wanita
</p>
<p>2. Pengalaman di Konsultan Perencanaan
</p><p>3. Menguasai software pengolahan data untuk pemetaan, diantaranya adalah Digitasi Peta, Auto Cad, Arc View, dan GIS.
</p><p>4. Mempunyai kemampuan Digitasi Peta Tata Ruang dan Kebencanaan
</p><p>5. Mampu bekerjasama dalam tim
</p><p>6. Jujur, pekerja keras, aktif, inovatif, teliti dan berdedikasi tinggi
</p><p><br></p>




",2024-04-15T09:14:30.924233Z
"PT Archipelago Queen","Bakery Staff","Prov. DKI-Jakarta",false,LABEL_COMPETITIVE_SALARY,"[""S1"",""D3"",""SMA"",""Apa Saja""]","Pemula / Staf",https://karir.com//opportunities/1394648,"Tidak Disebutkan","<p>- Lulusan minimal SMA sederajat dengan jurusan perhotelan, pariwisata atau tata boga diutamakan.<br>- Memiliki pengalaman dibidang yang sama sangat diutamakan.<br>- Memiliki kemauan tinggi untuk belajar hal baru.<br>- Memiliki semangat yang tinggi untuk bekerja.<br>- Memiliki integritas dan sikap kejujuran yang tinggi.<br>- Memiliki komunikasi yang baik dan dapat bekerja sama dalam tim.<br>- Terbiasa bekerja dengan jam kerja yang panjang.<br>- Bersedia bekerja secara shifting menyesuaikan sistem restaurant dan departemen terkait.<br>- Berpenampilan rapi dan sanggup menjaga kebersihan.<br>- Pengalaman tidak sesuai tidak akan kami proses.</p>",2024-04-12T07:44:34.817972Z
"PT Daya Medika Pratama","Sistem informasi rumah sakit: staff implementasi dan support","Jakarta Pusat",false,LABEL_COMPETITIVE_SALARY,"[""S1"",""D3""]","Pemula / Staf",https://karir.com//opportunities/1386955,"Tidak Disebutkan","<p>Responsibilities:
</p><p>•	Meeting with clients following the sale of software packages to collect data and other information required to customize software systems.
</p><p>•	Creating a project plan for each client, detailing the tasks that need to be completed for the timely installation of customized software systems.
</p><p>•	Communicating with clients throughout the software customization process to obtain feedback and approval.
</p><p>•	Customizing software systems based on clients’ individual needs and specifications.
</p><p>•	Educating clients via training on how to use purchased software systems and customized system features.
</p><p>•	Creating a specialized document for each client as required, detailing all customizations made.
</p><p>•	Installing customized software systems and all necessary components.
</p><p>•	Ensuring that the project team is aware of key deliverables and project milestones.
</p><p>•	Providing cost and time estimates to clients who require additional customizations to be done.
</p><p>•	Providing 2nd level support after system successfully implemented.
</p><p>Implementation Specialist Requirements:
</p><p>•	Bachelor's degree in computer science, engineering, computer information science, information technology, or a related field.
</p><p>•	Proven experience working as an system implementation and support specialist
</p><p>•	Sound technical knowledge.
</p><p>•	Proficiency in all Microsoft Office and Google Workspace applications.
</p><p>•	The ability to multitask effectively.
</p><p>•	The ability to work independently and as part of a team.
</p><p>•	Strong analytical and problem-solving skills.
</p><p>•	Excellent organizational and time management skills.
</p><p>•	Exceptional communication and customer service skills.
</p><p>•	Detail-oriented.
</p><p><br></p>
",2024-04-09T01:18:07.869379Z
"PT Artha Demo Engineering Consultant","Staff Ahli Ilmu Sosial dan Politk",Bandung,false,LABEL_COMPETITIVE_SALARY,"[""S2"",""S1""]","Staf Senior",https://karir.com//opportunities/1394637,"Tidak Disebutkan","<p>1. Pria atau Wanita
</p>
<p>2. Pengalaman di Konsultan Perencanaan (minimal 3 tahun)</p><p>3. Siap bekerja dengan team
</p><p>4. Siap bekerja dibawah tekanan
</p><p>5. Siap survey dilokasi pekerjaan
</p><p>6. Siap Lembur
</p><p>7. Membuat laporan dan analisis hasil survey
</p><p><br></p>





",2024-04-05T07:02:16.886572Z
"PT Shelter Nusantara","STAFF ADMIN",Surabaya,false,LABEL_COMPETITIVE_SALARY,"[""S1""]","Pemula / Staf",https://karir.com//opportunities/1394607,"Tidak Disebutkan","- Perampuan usia max 25 tahun<p>- Pendidikan S1 Farmasi</p><p>&nbsp;- Fresh graduate / pengalaman dipersilahkan</p><p>- Bersedia ditempatkan di Surabaya (Kembang Jepun)</p>",2024-04-04T06:27:38.476836Z
"PT Transpacific Finance","Credit Analyst Staff",Depok,false,LABEL_COMPETITIVE_SALARY,"[""Apa Saja""]","Pemula / Staf",https://karir.com//opportunities/1394599,"Tidak Disebutkan","<p><strong>Kualifikasi:
</strong></p>
<p><ul><li>Usia maksimal 28 tahun
</li><li>Lulusan D3 S1 / Sederajat
</li><li>Terbuka untuk <strong>Freshgraduate
</strong></li><li>IPK minimal 2,75
</li><li>Dapat mengoperasikan Ms. Office terutama Excel dan menyukai pekerjaan administrasi
</li><li>Dinamis dan Komunikatif, serta dapat bekerja dengan tim maupun individu
</li><li>Sudah mendapat Vaksin dosis kedua
</li><li>Penempatan <strong>HO Depok</strong></li></ul></p>",2024-04-04T04:13:06.983613Z
"PT Artha Demo Engineering Consultant","Staff Teknik Desain Komunikasi Visual (DKV)",Bandung,false,LABEL_COMPETITIVE_SALARY,"[""S1""]","Staf Senior",https://karir.com//opportunities/1394588,"Tidak Disebutkan","<p>1. Pria / Wanita
</p>
<p>2. Pengalaman profesional dibidangnya min 3 tahun (dalam kurun waktu 10 tahun terakir) di konsultan perencanaan
</p><p>3. Pengetahuan tentang Merancang Wabsite dan IT
</p><p>4. gagasan baru dan berfikir paradigmatis dan sistematis dalam proses perancangan karya Desain Komunikasi Visual serta mampu merencanakan program dan strategi komunikasi visual melalui berbagai media komunikasi visual secara kreatif dan profesional.
</p><p>5. AuotoCAD, Photoshop, Corell Draw, Lumion, Sketchup</p>


",2024-04-03T07:18:08.240897Z
"ASABA GROUP","IT Staff (placement in banking client)","Prov. DKI-Jakarta",false,LABEL_COMPETITIVE_SALARY,"[""S1"",""D3""]","Pemula / Staf",https://karir.com//opportunities/1394585,"Tidak Disebutkan","<ul><li>Diploma / Bachelor's Degree from Computer Sciences, Information Technology or a related field preferred with minimum GPA 3.00</li><li>Experience as IT Support or IT Helpdesk in Banking Company</li><li>Fresh graduates are welcome to apply</li><li>Required Skill(s): SQL, troubleshooting, networking, helpdesk, service desk, mobility</li><li>Having good analytical problem solving and good communication skill</li><li>Willing to work in shifts</li><li>Placement in our banking client in Mega Kuningan, Jakarta Selatan</li></ul>",2024-04-03T03:46:33.098004Z
"PT Universal Eco Pasific","Staff Invoicing","Jakarta Pusat",false,LABEL_COMPETITIVE_SALARY,"[""S1"",""D3""]","Pemula / Staf",https://karir.com//opportunities/1394570,"Tidak Disebutkan","<p><ul><li>Pendidikan min. D3/S1 Akuntansi, administrasi bisnis, management
</li><li>Memahami akuntansi dasar dan sistem accurate
</li><li>Memiliki pengalaman min. 1 tahun di invoicing
</li><li>Mampu mengoperasikan komputer dengan baik
</li><li>Jujur, teliti, dan cekatan
</li><li>•	Mampu bekerja dengan tim atau individual
</li><li>•	Bersedia untuk penempatan Jakarta Pusat
</li></ul></p><br>",2024-04-02T07:03:13.656036Z
"PT Mitra Insan Sejahtera","Production Staff","Jakarta Pusat",false,LABEL_COMPETITIVE_SALARY,"[""S1""]","Pemula / Staf",https://karir.com//opportunities/1266893,"Tidak Disebutkan","<p>&nbsp;</p>

<ul>
	<li>Pria/ Wanita. Max 26 th. Min Apoteker/ S1 Farmasi/ Kimia/ Teknik Kimia/ Teknik Industri. Penempatan Kadu Tangerang.</li>
	<li>Jujur, rajin dan bertanggung jawab</li>
	<li>Dapat dipercaya, dan dapat berkomunikasi dengan baik secara lisan maupun tulisan.</li>
	<li>Memiliki semangat untuk mempelajari hal-hal baru dan cepat beradaptasi dalam lingkungan baru.</li>
	<li>Mampu bekerja secara team maupun individu</li>
</ul>

<p>&nbsp;</p>
",2024-03-28T01:40:53.98627Z
"PT Mitra Insan Sejahtera","Logistik Staff","Prov. DKI-Jakarta",false,LABEL_COMPETITIVE_SALARY,"[""SMA""]","Pemula / Staf",https://karir.com//opportunities/1253283,"Tidak Disebutkan","<ul>
	<li>pria/wanita</li>
	<li>usia Max. 26th.</li>
	<li>pendidikan Min SMA/ SMK Segala Jurusan. &nbsp;</li>
</ul>
",2024-03-28T01:41:59.4386Z
"PT Indomobil Finance Indonesia","Field Collection Staff - Dumai","KOTA DUMAI",false,LABEL_COMPETITIVE_SALARY,"[""S1"",""D3"",""SMA""]","Pemula / Staf",https://karir.com//opportunities/1394476,"Tidak Disebutkan","<ul><li>Pendidikan min. SMA/SMK/sederajat (D3/S1 diutamakan)
</li><li>Usia maks. 32 tahun
</li><li>Memiliki motor pribadi dan SIM C
</li><li>Pengalaman diutamakan minimal 1 Tahun
</li><li>Menyukai pekerjaan lapangan dan bersedia bekerja dengan target
</li><li>Memahami alur proses penagihan
</li><li><strong>Penempatan: Dumai (Riau)</strong></li></ul>",2024-03-27T07:06:44.781917Z
"PT Asia Garments Accesories","Staff Gudang (Area Pekalongan)",Pekalongan,false,LABEL_COMPETITIVE_SALARY,"[""SMA"",""Apa Saja""]","Pemula / Staf",https://karir.com//opportunities/1392802,"Tidak Disebutkan","<p>Kriteria:</p><p>1 Pria, usia 20-35 tahun&nbsp;</p><p>2 Fisik tubuh kuat dan sehat</p><p>3 Memiliki kemampuan operasional gudang yang bagus &amp; ketelitian yg tinggi dalam perhitungan barang</p><p>4 Bisa kerja sama tim &amp; berkomunikasi dengan bahasa yang baik (sopan dan ramah)</p><p>5 Terbiasa kerja fisik dan data serta memiliki kecerdasan emosi yang baik&nbsp;</p><p>6 Karakteristik lebih dominan aktif, detail dan teliti</p><p>7 Tidak mengidap penyakit yang menggangu kinerja kesehariannya</p><p>8 Domisili pekalongan sekitarnya</p><br><p>Benefit :&nbsp;</p><p>1 Gaji pokok</p><p>2 Uang makan&nbsp;</p><p>3 Insentif*</p><p>4 THR &amp; Cuti*&nbsp;</p><p>*Menyesuaikan masa tertentu &amp; kondisi aturan yang ditetapkan</p>",2024-03-26T01:42:27.421023Z
"PT Shelter Nusantara","STAFF R&D - BAKERY APPLICATION FATS & OILS",Surabaya,false,LABEL_COMPETITIVE_SALARY,"[""SMA""]","Pemula / Staf",https://karir.com//opportunities/1394438,"Tidak Disebutkan","- Pria / Wanita max 30 tahun<p>- Pendidikan minimal SMK(Tata Boga) atau SMA/Sederajat</p><p>- Memiliki pemahaman dasar dalam bidang bakery, pastry, &amp; yeast raised products</p><p>- Mampu mengoperasikan komputer (word &amp; excel)</p><p>- Jujur, bertanggung jawab, siap bekerja dalam tekanan</p><p>- Good attitude dan komunikatif</p><p>- Tidak memiliki alergi terhadap makanan</p><p>- Penempatan Gresik</p>",2024-03-25T02:47:08.148395Z
"PT MENSANA ANEKA SATWA","STAFF R&D",Bogor,false,LABEL_COMPETITIVE_SALARY,"[""S1""]","Pemula / Staf",https://karir.com//opportunities/1394450,"Tidak Disebutkan","<ul>
	<li>Pendidikan S1 Kimia Usia 25-30 Tahun</li>
	<li>Berpengalaman dibidangnya minimal 1 Tahun</li>
	<li>Mampu melakukan nekropsi dan diagnosa penyakit</li>
	<li>Memahami pembacaan dan analisa titer serologi&nbsp;</li>
	<li>Memiliki kemampuan &nbsp;berbahasa inggris aktif maupun pasif</li>
	<li>Mampu mengoperasikan komputer dan MS office</li>
	<li>Teliti , disiplin dan mampu bekerja sama dalam tim</li>
	<li>&nbsp;Bersedia Bekerja dibawah Tekanan</li>
</ul>
",2024-03-25T08:36:08.300518Z
"PT Indomobil Finance Indonesia","Field Collection Staff - Belilas","KABUPATEN INDRAGIRI HULU",false,LABEL_COMPETITIVE_SALARY,"[""S1"",""D3"",""SMA""]","Pemula / Staf",https://karir.com//opportunities/1394435,"Tidak Disebutkan","<p><ul><li>Pendidikan min. SMA/SMK/sederajat (D3/S1 diutamakan)
</li><li>Usia maks. 32 tahun
</li><li>Memiliki motor pribadi dan SIM C
</li><li>Pengalaman diutamakan minimal 1 Tahun
</li><li>Menyukai pekerjaan lapangan dan bersedia bekerja dengan target
</li><li>Memahami alur proses penagihan</li><li>Penempatan: Belilas (Riau)</li></ul></p>",2024-03-25T02:14:30.622847Z
"PT Artha Demo Engineering Consultant","Staff Teknik Arsitek Landskap",Bandung,false,LABEL_COMPETITIVE_SALARY,"[""S2"",""S1""]","Staf Senior",https://karir.com//opportunities/1394428,"Tidak Disebutkan","<p>1. Pria / Wanita
</p><p>2. Pengalaman profesonal dibidangnya min 3 tahun (dalam 10 tahun terakhir) di konsultan perencanaan
</p><p>3. Pengetahuan tentang Arsitek Landskap tata ruang kota atau desain fisik
</p><p>4. AuotoCAD, Photoshop, Corell Draw, ETAB, SAP 2000, Lumion, Sketchup
</p><p>5. Desain gambar perencanaan
</p><p><br></p>",2024-03-23T04:55:33.50719Z
"PT Artha Demo Engineering Consultant","Staff Drafter CAD",Bandung,false,LABEL_COMPETITIVE_SALARY,"[""S1"",""D3"",""SMA""]","Staf Senior",https://karir.com//opportunities/1394419,"Tidak Disebutkan","<p>1. Pria/ Wanita
</p><p>2. Berpengalaman dibidangnya minimal 5 tahun (dalam 10 tahun terakhir) di Konsultan Perencanaan
</p><p>3. Menguasai AuotoCAD, Photoshop, Corell Draw, ETAB, SAP 2000, Lumion, Sketchup,
</p><p>4. Mengetahui jenis-jenis material bangunan
</p><p>5. Membuat Laporan perencanaan
</p><p>6. Membuat RAB
</p><p><br></p>",2024-03-23T04:32:38.347617Z
"PT Artha Demo Engineering Consultant","Staff Teknik Industri",Bandung,false,LABEL_COMPETITIVE_SALARY,"[""S1""]","Staf Senior",https://karir.com//opportunities/1394416,"Tidak Disebutkan","<p>1. Dapat membuat skema Rantai Pasok dari Proses Industri
</p><p>2. Dapat meganalisis dan mengidentifikasi Proses Industrial
</p><p>3. Dapat melakukan pengolahan data
</p><p>4. Dapat membuat planning tamplate
</p><p><br></p>",2024-03-23T04:26:59.391746Z
"PT Artha Demo Engineering Consultant","Staff Teknik Penginderaan Jauh",Bandung,false,LABEL_COMPETITIVE_SALARY,"[""S2"",""S1""]","Staf Senior",https://karir.com//opportunities/1394424,"Tidak Disebutkan","<p>1. Pria/ Wanita
</p><p>2. Pengalaman profesional di Konsultan Perencanaan (Penginderaan Jauh)
</p><p>3. Menguasai software pengolahan data untuk pemetaan, diantaranya adalah Auto Cad, Arc View, dan GIS.
</p><p>4. Mempunyai kemampuan Digitasi Peta dan Kebencanaan
</p><p>5. Mampu bekerjasama dalam tim
</p><p>6. Jujur, pekerja keras, aktif, inovatif, teliti dan berdedikasi tinggi
</p><p><br></p>",2024-03-23T04:43:26.6811Z
"PT Artha Demo Engineering Consultant","Staff Hukum",Bandung,false,LABEL_COMPETITIVE_SALARY,"[""S2"",""S1""]","Staf Senior",https://karir.com//opportunities/1394415,"Tidak Disebutkan","<p>1. Pria / Wanita
</p><p>2. Pengalaman dibidangnya min 3 tahun (dalam 10 tahun terakhir) di konsultan perencanaan
</p><p>3. Siap bekerja lembur
</p><p>4. Bersedia bekerja dalam team dan bekerja dibawah tekanan
</p><p><br></p>",2024-03-23T04:25:15.347468Z
"PT Daya Medika Pratama","Sistem keuangan & akuntansi / ERP Implementation Staff / Consultant",Bandung,false,LABEL_COMPETITIVE_SALARY,"[""S1"",""D3""]","Pemula / Staf",https://karir.com//opportunities/1393123,"Tidak Disebutkan","<p>Bachelor's degree in computer science, information technology, or similar preferred.
</p><p>Specialization in business administration or a related field will be advantageous.
</p><p>ERP certification, such as SAP ERP Business Process Integration or Oracle’s SaaS ERP.
</p><p>A minimum of 2 years' experience as an ERP consultant in a similar industry.
</p><p>Extensive knowledge of business processes, ERP development tools, and coding languages.
</p><p>Exceptional interpersonal, collaboration, and communication skills.
</p><p>Superb problem-solving and analytical abilities.
</p><p>Excellent time management and organizational skills.</p>",2024-03-23T06:50:26.993664Z
"PT Artha Demo Engineering Consultant","Staff Teknik Sipil (Gedung, Jalan dan Jembatan)",Bandung,false,LABEL_COMPETITIVE_SALARY,"[""S2"",""S1""]","Staf Senior",https://karir.com//opportunities/1394422,"Tidak Disebutkan","<p>1. Pria/ Wanita
</p><p>2. Berpengalaman dibidangnya minimal 5 tahun di Konsultan Perencanaan
</p><p>3. Menguasai AuotoCAD, Photoshop, Corell Draw, ETAB, SAP 2000, Lumion, Sketchup,
</p><p>4. Mengetahui jenis-jenis material bangunan
</p><p>5. Membuat Laporan perencanaan
</p><p>6. Membuat RAB
</p><p><br></p>",2024-03-23T04:37:57.876457Z
"PT Artha Demo Engineering Consultant","Staff Teknik Lingkungan",Bandung,false,LABEL_COMPETITIVE_SALARY,"[""S2"",""S1""]","Staf Senior",https://karir.com//opportunities/1394423,"Tidak Disebutkan","<p>1. Pria/Wanita
</p><p>2. Pengalaman profesional 3 tahun (dalam kurun waktu 10 tahun terakhir) di Konsultan Perencanaan 
</p><p>3. Bersedia bekerja dibawah tekanan
</p><p>4. Memahami KLHS dan memiliki sertifikat KLHS (bagi yang memiliki)
</p><p>5. Memahami pengelolaan lingkungan
</p><p><br></p>",2024-03-23T04:41:12.140343Z
"PT Artha Demo Engineering Consultant","Staff Teknik Arsitek",Bandung,false,LABEL_COMPETITIVE_SALARY,"[""S2"",""S1""]","Staf Senior",https://karir.com//opportunities/1394427,"Tidak Disebutkan","<p>1. Pria / Wanita
</p><p>2. Berpengalaman dibidangnya min 3 tahun (dalam kurun waktu 10 tahun terakhir) di konsultan perencanaan
</p><p>3. Menguasai program autocad, 3D, Lumion, sketchup, dll
</p><p>4. Bersedia bekerja dibawah tekanan
</p><p>5. Bersedia lembur
</p><p>6. Bisa Membuat RAB
</p><p>7. Bisa Menghitung Estimasi Budget
</p><p>8. Maguasai gambar desain perencanaan
</p><p><br></p>",2024-03-23T04:52:26.664391Z
"PT Artha Demo Engineering Consultant","Staff Teknik Geodesi/ Geologi",Bandung,false,LABEL_COMPETITIVE_SALARY,"[""S2"",""S1""]","Staf Senior",https://karir.com//opportunities/1394425,"Tidak Disebutkan","<p>1. Pria / Wanita
</p><p>2. Pengalaman profesional dibidangnya 3 tahun (dalam kurun waktu 10 tahun terakhir) di Konsultan Perencanaan
</p><p>3. Menguasai software pengolahan data untuk pemetaan, diantaranya adalah Digitasi Peta, Auto Cad, Arc View, dan GIS.
</p><p>4. Mempunyai kemampuan Digitasi Peta dan Kebencanaan
</p><p>5. Mampu bekerjasama dalam tim
</p><p>6. Jujur, pekerja keras, aktif, inovatif, teliti dan berdedikasi tinggi
</p><p><br></p>",2024-03-23T04:47:09.370938Z
"PT Artha Demo Engineering Consultant","Staff Ekonomi",Bandung,false,LABEL_COMPETITIVE_SALARY,"[""S1""]","Staf Senior",https://karir.com//opportunities/1394414,"Tidak Disebutkan","<p>1. Pria / Wanita	
</p><p>2. Pengalaman dibidangnya min 3 tahun (dalam 10 tahun terakhir) di konsultan perencanaan
</p><p>3. Siap bekerja lembur
</p><p>4. Bersedia bekerja dalam team dan bekerja dibawah tekanan
</p><p><br></p>",2024-03-23T04:22:59.320669Z
"PT Artha Demo Engineering Consultant","Staff Teknik Kelautan",Bandung,false,LABEL_COMPETITIVE_SALARY,"[""S2"",""S1""]","Staf Senior",https://karir.com//opportunities/1394417,"Tidak Disebutkan","<p>1. Pria / Wanita
</p><p>2. Siap bekerja lembur
</p><p>3. Siap bekerja dibawah tekanan
</p><p>4. Pengetahuan ilmu kelautan
</p><p>5.Pengetahuan teknik kelautan DLKR DAN DLKp
</p><p>6. Kemampuan melakukan analisis
</p><p>7. Kemampuan mengumpulkan data
</p><p><br></p>",2024-03-23T04:28:59.849328Z
"PT Artha Demo Engineering Consultant","Staff Ilmu Sosial dan Politik",Bandung,false,LABEL_COMPETITIVE_SALARY,"[""S1""]","Staf Senior",https://karir.com//opportunities/1394421,"Tidak Disebutkan","<p>1. Pria atau Wanita
</p><p>2. Pengalaman di Konsultan Perencanaan
</p><p>3. Siap bekerja dengan team
</p><p>4. Siap bekerja dibawah tekanan
</p><p>5. Siap survey dilokasi pekerjaan
</p><p>6. Siap Lembur
</p><p>7. Membuat laporan dan analisis survey
</p><p><br></p>",2024-03-23T04:35:57.325347Z
"PT Artha Demo Engineering Consultant","Staff Teknik Desain Komunikasi Visual (DKV) ",Bandung,false,LABEL_COMPETITIVE_SALARY,"[""S1""]","Staf Senior",https://karir.com//opportunities/1394429,"Tidak Disebutkan","<p>1. Pria / Wanita
</p><p>2. Pengalaman profesional dibidangnya min 3 tahun (dalam kurun waktu 10 tahun terakir) di konsultan perencanaan
</p><p>3. Pengetahuan tentang Merancang Wabsite dan IT
</p><p>4. gagasan baru dan berfikir paradigmatis dan sistematis dalam proses perancangan karya Desain Komunikasi Visual serta mampu merencanakan program dan strategi komunikasi visual melalui berbagai media komunikasi visual secara kreatif dan profesional.
</p><p>5. AuotoCAD, Photoshop, Corell Draw, Lumion, Sketchup
</p><p><br></p>",2024-03-23T04:59:28.470298Z
"PT Artha Demo Engineering Consultant","Staff Teknik Informatika",Bandung,false,LABEL_COMPETITIVE_SALARY,"[""S1""]","Staf Senior",https://karir.com//opportunities/1394418,"Tidak Disebutkan","<p>1. Pria / Wanita
</p><p>2. Memahami Teknik Informatika (IT) Jaringan dan Komputer
</p><p>3. Bersedia bekerja dibawah tekanan
</p><p><br></p>",2024-03-23T04:30:34.180174Z
"PT Artha Demo Engineering Consultant","Staff Teknik Perencanaan Wilayah dan Kota",Bandung,false,LABEL_COMPETITIVE_SALARY,"[""S2"",""S1""]","Staf Senior",https://karir.com//opportunities/1394430,"Tidak Disebutkan","<p>1. Pria / Wanita
</p><p>2. Pengalaman profesional dibidangnya min 3 tahun (dalam kurun waktu 10 tahun) di konsultan perencanaan
</p><p>3. Pengetahuan tentang tata ruang kota atau desain fisik
</p><p>4. Menguasai ArGIS dan perpetaan
</p><p><br></p>",2024-03-23T05:02:04.312978Z
"PT Artha Demo Engineering Consultant","Staff Administrasi Tender Konsultan Perencanaan",Bandung,false,LABEL_COMPETITIVE_SALARY,"[""D3"",""SMA""]","Staf Senior",https://karir.com//opportunities/1394426,"Tidak Disebutkan","<p>1. Pria / Wanita
</p><p>2. Berpengalamana profesional administrasi tender proyek
</p><p>3. Memahami LPSE Tender
</p><p>4. Berpengalaman membuat PQ, Uploud Dokumen Penawaran, Membuat CV dan Refferensi, Membuat invoice
</p><p><br></p>",2024-03-23T04:50:08.517909Z
"PT Artha Demo Engineering Consultant","Staff Interior Design",Bandung,false,LABEL_COMPETITIVE_SALARY,"[""S1""]","Staf Senior",https://karir.com//opportunities/1394420,"Tidak Disebutkan","<p>1. Pria/ Wanita
</p><p>2. Siap bekerja lembur
</p><p>3. Siap bekerja dibawah tekanan
</p><p>4. Berpengalaman di bidang interior gedung
</p><p><br></p>",2024-03-23T04:34:20.789179Z
"PT Artha Demo Engineering Consultant","Staff Teknik Pertanian",Bandung,false,LABEL_COMPETITIVE_SALARY,"[""S1""]","Staf Senior",https://karir.com//opportunities/1394413,"Tidak Disebutkan","<p>1. Pria / Wanita
</p><p>2. Pengalaman dibidangnya min 3 tahun (dalam 10 tahun terakhir) di konsultan perencanaan
</p><p>3. Mampu membaca situasi
</p><p>4. Siap bekerja lembur
</p><p>5. Bersedia bekerja dalam team dan bekerja dibawah tekanan
</p><p><br></p>",2024-03-23T04:15:43.184539Z
"PT Bromindo Mekar Mitra","Staff Procurement Impor",Semarang,false,LABEL_COMPETITIVE_SALARY,"[""D3""]","Pemula / Staf",https://karir.com//opportunities/1394394,"Tidak Disebutkan","<p>Di posisi Staff Procurement Impor PT. Bromindo Mekar Mitra, diharapkan untuk memiliki kualifikasi dan pengalaman sebagai berikut:<br></p><p><ol><li>Usia maksimal 30 tahun, pengalaman (minimal) 2 tahun dibidang terkait (Import)</li><li>Latar belakang pendidikan (minimal) Diploma III<br></li><li>Mampu berbahasa Inggris baik lisan maupun tulisan<br></li><li>Memahami dasa-dasar proses Import<br></li><li>Memahami Faktur Pajak Import<br></li><li>Mampu berkoordinasi dengan baik (internal maupun eksternal)<br></li><li>Mampu mengoperasikan Ms. Office dan aplikasi projrct management berbasis online<br></li><li>Penempatan Kota Semarang<br></li></ol></p>",2024-03-22T02:59:22.209578Z
"PT Imecon Teknindo","Business Development Staff - Samarinda",Samarinda,false,LABEL_COMPETITIVE_SALARY,"[""D3""]","Pemula / Staf",https://karir.com//opportunities/1394403,"Tidak Disebutkan","<p></p><ol><li>Pendidikan Min D3 semua Jurusan Pengalaman
</li><li>Pengalaman Min 3 tahun di bidang Asuransi Umum
</li><li>Mampu mengoperasikan MS Office dan PDF
</li><li>Memiliki kemampuan komunikasi yang baik yang lancar dalam berbahasa Indonesia dan Inggris
</li><li>Memiliki keterampilan interpersonal yang baik, beroritentasi pada pelanggan, inisiatif yang tinggi, problem-solving, berintegritas, bertanggungjawab, dan cepat beradaptasi
</li><li>Penempatan area Jl. Jenderal Ahmad Yani, SAMARINDA</li></ol><p></p>",2024-03-22T07:05:52.409252Z
"PT QST Agung Jaya","Tax & Accounting Manager and Staff",Cikarang,false,LABEL_COMPETITIVE_SALARY,"[""S1""]","Pemula / Staf",https://karir.com//opportunities/1394319,"Tidak Disebutkan","<p></p><ul><li>Dapat bekerja individual dan team</li><li>Memiliki 5-10 tahun pengalaman dalam bidang tax &amp; accounting (posisi 1)</li><li>Memiliki 3 tahun pengalaman dalam bidang tax &amp; accounting field (posisi 2)&nbsp;</li><li>Memiliki pengetahuan dalam mengoperasikan System Application &amp; Product (SAP) lebih diutamakan</li><li>Detailed Oriented, cepat beradaptasi and cekatan</li><li>Penempatan : Tigaraksa dan Lippo Karawaci</li></ul><p></p>",2024-03-21T07:56:00Z
"PT Centrepark Citra Corpora","STAFF INFRASTRUKTUR","Jakarta Pusat",false,LABEL_COMPETITIVE_SALARY,"[""S1"",""D3""]","Pemula / Staf",https://karir.com//opportunities/1386501,"Tidak Disebutkan","<p>1. Menguasai teknik listrik dasar
</p>
<p>2. Menguasai sistem informatika &amp; jaringan
</p><p>3. Menguasai microsoft office</p><p>4.S1 Teknik Elektro arus kuat / Teknik Mesin / Teknik Lingkungan
</p><p>5.Pengalaman kerja minimal 2 tahun&nbsp;</p><p>6.Bisa menggunakan software Autocad, Microsoft office</p>
",2024-03-21T02:22:24.552792Z
"PT Owens Sarana Asia Pasifik","Staff Admin ",Surabaya,false,LABEL_COMPETITIVE_SALARY,"[""S3"",""S1"",""SMA""]","Pemula / Staf",https://karir.com//opportunities/1394345,"Tidak Disebutkan","<p><ul><li>Mampu berkomunikasi dengan baik</li><li>Teliti</li><li>Jujur</li><li>Disiplin</li><li>Cermat dan tenang</li><li>Dapat bekerjasama dengan tim</li><li>Mampu bekerja dibawah tekanan</li><li>Berdomisili di Surabaya</li></ul></p><br>",2024-03-21T01:52:19.790449Z
"PT Artha Demo Engineering Consultant","Staff Ekonomi Pembangunan",Bandung,false,LABEL_COMPETITIVE_SALARY,"[""S2"",""S1""]","Staf Senior",https://karir.com//opportunities/1394384,"Tidak Disebutkan","<ul><li>Pria atau Wanita</li><li>Lulusan S1 / S2 Ekonomi Pembangunan</li><li>Pengalaman Minimal 3 Tahun&nbsp;</li><li>Berpengalaman Mengerjakan Pra FS dan FS</li></ul>",2024-03-21T06:59:38.62478Z
"PT Isargas","Accounting Staff","Jakarta Selatan",false,LABEL_COMPETITIVE_SALARY,"[""S1""]","Pemula / Staf",https://karir.com//opportunities/1394351,"Tidak Disebutkan","s1 and 2 year experience<br>",2024-03-20T06:07:39.166769Z
"PT Graha Esa","Accounting & Tax Staff","Jakarta Utara",false,LABEL_COMPETITIVE_SALARY,"[""S1""]","Pemula / Staf",https://karir.com//opportunities/1394320,"Tidak Disebutkan","<p>•	Min 1-3 years experience in Finance, Accounting &amp; Tax, Fresh Graduate are welcome to apply.
</p><p>•	S1 / D3 Degree of Finance, Accounting &amp; Tax (Preferable S1) 
</p><p>•	Have high motivation and honest
</p><p>•	Have a good analytical ability and problems solving
</p><p>•	Result and detail oriented
</p><p>•	Full time position available
</p><p>•	Willing to be placed in Jakarta Utara
</p><p><br></p>",2024-03-19T06:19:51.813454Z
"PT Hokinda Citralestari","Staff HRD",Medan,true,LABEL_COMPETITIVE_SALARY,"[""S1""]","Pemula / Staf",https://karir.com//opportunities/1388393,"Tidak Disebutkan","<p><ul><li>S1 Semua Jurusan, diutamakan jurusan Management / Psikologi</li><li>Pengalaman kerja menjadi nilai plus</li></ul></p><p><strong>&nbsp;Benefit:
</strong></p><p><ul><li>Tunjangan Makan &amp; Transport
</li><li>BPJS
</li><li>Bonus Performance
</li><li>Training
</li><li>Jenjang Karir</li></ul></p>
",2024-03-18T03:59:04.976328Z
"PT Hokinda Citralestari","Staff Research & Development",Medan,false,LABEL_COMPETITIVE_SALARY,"[""S1""]","Pemula / Staf",https://karir.com//opportunities/1357312,"Tidak Disebutkan","<ul><li>S1 Teknik Elektronika/ Teknik mesin/ Teknik Industri</li><li>Kreatif dan menyukai inovasi</li><li>Menguasai Autocad</li><li>Tidak buta warna</li></ul><p><strong>Benefit:</strong></p><ul><li>Tunjangan Makan &amp; Transport</li><li>BPJS</li><li>Bonus Performance</li><li>Training</li><li>Jenjang Karir</li></ul>",2024-03-18T01:46:06.254599Z
"PT Hokinda Citralestari","Staff Admin",Medan,false,LABEL_COMPETITIVE_SALARY,"[""D3""]","Pemula / Staf",https://karir.com//opportunities/1357306,"Tidak Disebutkan","<ul><li>Min. SMA / D3 / S1 Semua Jurusan</li><li>Menyukai pekerjaan administrasi</li></ul><p><strong>&nbsp;Benefit:</strong></p><ul><li>Tunjangan Makan &amp; Transport</li><li>BPJS</li><li>Bonus Performance</li><li>Training</li><li>Jenjang Karir</li></ul>",2024-03-18T03:37:48.690108Z
"PT Hokinda Citralestari","Staff Budget & Cost Control",Medan,false,LABEL_COMPETITIVE_SALARY,"[""S1""]","Pemula / Staf",https://karir.com//opportunities/1357313,"Tidak Disebutkan","<ul><li>S1 Akuntansi/Finance</li><li>Menyukai bidang analisa biaya</li><li>Menyukai hal yang membutuhkan ketelitian</li></ul><p><strong>&nbsp;Benefit:</strong></p><ul><li>Tunjangan Makan &amp; Transport</li><li>BPJS</li><li>Bonus Performance</li><li>Training</li><li>Jenjang Karir</li></ul>",2024-03-18T03:58:29.900231Z
"PT Tata Karya Gemilang","Staff Payroll",Yogyakarta,false,LABEL_COMPETITIVE_SALARY,"[""S1"",""D3""]","Pemula / Staf",https://karir.com//opportunities/1394306,"Tidak Disebutkan","<p><ul><li>Pria / Wanita</li><li>Pendidikan minimal S1 Akuntansi</li><li>Umur maksimal 35 tahun</li><li>Mempunyai kemampuan analisa yang baik</li><li>Mampu mengerjakan pekerjaan yang bersifat administratif secara teliti</li><li>Memahami tentang proses payroll/penggajian
</li><li>Mengetahui cara perhitungan upah lembur</li><li>Mampu bekerja dengan tenggat waktu</li><li>Siap bekerja dibawah tekanan</li><li>Berpengalaman dibidang yang sama lebih diutamakan.</li></ul></p>",2024-03-18T07:57:09.523787Z
"PT Tata Karya Gemilang","Staff Legal & GA",Yogyakarta,false,LABEL_COMPETITIVE_SALARY,"[""S1""]","Pemula / Staf",https://karir.com//opportunities/1350593,"Tidak Disebutkan","<ul>
	<li>Pria</li>
	<li>S1 Hukum</li>
	<li>Pengalaman minimal 2 tahun pada perusahaan atau Legal Officer</li>
	<li>Mempunyai pengetahuan tentang hukum serta peraturan negara yang berlaku</li>
	<li>Menguasai tentang UU Ketenagakerjaan serta UU Cipta Kerja beserta turunannya</li>
	<li>Menguasai tentang perijinan serta legalitas perusahaan</li>
	<li>Mempunyai kemampuan komunikasi serta negosiasi yang baik</li>
	<li>Mempunyai kemampuan analisa yang baik</li>
	<li>Dapat melakukan pekerjaan secara administrasi serta detail</li>
	<li>Mampu bekerja di bawah tekanan, pekerja keras, berorientasi pada target dan waktu</li>
</ul>
",2024-03-18T06:58:54.287747Z
"PT Artha Demo Engineering Consultant","Staff Teknik Geodesi/ Geologi",Bandung,false,LABEL_COMPETITIVE_SALARY,"[""S2"",""S1""]","Staf Senior",https://karir.com//opportunities/1394281,"Tidak Disebutkan","<p>1. Pria / Wanita
</p><p>2. Pengalaman di Konsultan Perencanaan
</p><p>3. Menguasai software pengolahan data untuk pemetaan, diantaranya adalah Digitasi Peta, Auto Cad, Arc View, dan GIS.
</p><p>4. Mempunyai kemampuan Digitasi Peta dan Kebencanaan
</p><p>5. Mampu bekerjasama dalam tim
</p><p>6. Jujur, pekerja keras, aktif, inovatif, teliti dan berdedikasi tinggi
</p><p><br></p>",2024-03-16T09:37:55.302934Z
"PT Artha Demo Engineering Consultant","Staff Ahli Perencanaan Wilayah dan Kota",Bandung,false,LABEL_COMPETITIVE_SALARY,"[""S2"",""S1""]","Staf Senior",https://karir.com//opportunities/1394283,"Tidak Disebutkan","<p>1. Pria / Wanita
</p><p>2. Pengalaman dibidangnya min 3 tahun di konsultan perencanaan
</p><p>3. Pengetahuan tentang tata ruang kota atau desain fisik
</p><p>4. Menguasai ArGIS
</p><p><br></p>",2024-03-16T09:41:25.624221Z
"PT Artha Demo Engineering Consultant","Staff Teknik Kelautan",Bandung,false,LABEL_COMPETITIVE_SALARY,"[""S2"",""S1""]","Staf Senior",https://karir.com//opportunities/1394278,"Tidak Disebutkan","<p>1. Pria / Wanita
</p><p>2. Siap bekerja lembur
</p><p>3. Siap bekerja dibawah tekanan
</p><p>4. Pengetahuan ilmu kelautan
</p><p>5.Pengetahuan teknik kelautan DLKR DAN DLKp
</p><p>6. Pengetahuan Ilmu Biologi Kelautan
</p><p>7. Kemampuan melakukan analisis
</p><p>8. Kemampuan mengumpulkan data
</p><p><br></p>",2024-03-16T09:32:09.728823Z
"PT Artha Demo Engineering Consultant","Staff Arsitek Landskap",Bandung,false,LABEL_COMPETITIVE_SALARY,"[""S2"",""S1""]","Staf Senior",https://karir.com//opportunities/1394284,"Tidak Disebutkan","<p>1. Pria / Wanita
</p><p>2. Pengalaman dibidangnya min 3 tahun di konsultan perencanaan
</p><p>3. Pengetahuan tentang Arsitek Landskap tata ruang kota atau desain fisik
</p><p>4. AuotoCAD, Photoshop, Corell Draw, ETAB, SAP 2000, Lumion, Sketchup
</p><p>5. Desain gambar perencanaan
</p><p><br></p>",2024-03-16T09:42:46.438249Z
"PT Artha Demo Engineering Consultant","Staff Ahli Arsitek",Bandung,false,LABEL_COMPETITIVE_SALARY,"[""S2"",""S1""]","Staf Senior",https://karir.com//opportunities/1394282,"Tidak Disebutkan","<p>1. Pria / Wanita
</p><p>2. Berpengalaman dibidangnya min 1 tahun di konsultan perencanaan
</p><p>3. Menguasai program autocad, 3D, Lumion, sketchup, dll
</p><p>4. Bersedia bekerja dibawah tekanan
</p><p>5. Bersedia lembur
</p><p>6. Bisa Membuat RAB
</p><p>7. Bisa Menghitung Estimasi Budget
</p><p>8. Bisa membaca gambar desain perencanaan
</p><p><br></p>",2024-03-16T09:39:29.107775Z
"PT Artha Demo Engineering Consultant","Staff Teknik Sipil (Gedung, Jalan dan Jembatan)",Bandung,false,LABEL_COMPETITIVE_SALARY,"[""S2"",""S1""]","Staf Senior",https://karir.com//opportunities/1394279,"Tidak Disebutkan","<p>1. Pria/ Wanita
</p><p>2. Berpengalaman profesional minimal 3 tahun dalam 10 tahun terakhir di Konsultan Perencanaan
</p><p>3. Menguasai AuotoCAD, Photoshop, Corell Draw, ETAB, SAP 2000, Lumion, Sketchup,
</p><p>4. Mengetahui jenis-jenis material bangunan
</p><p>5. Membuat Laporan perencanaan
</p><p>6. Membuat RAB
</p><p><br></p>",2024-03-16T09:34:16.006881Z
"PT Artha Demo Engineering Consultant","Staff Ahli Penginderaan Jauh",Bandung,false,LABEL_COMPETITIVE_SALARY,"[""S2"",""S1""]","Staf Senior",https://karir.com//opportunities/1394280,"Tidak Disebutkan","<p>1. Pria/ Wanita
</p><p>2. Pengalaman di Konsultan Perencanaan (Penginderaan Jauh)
</p><p>3. Menguasai software pengolahan data untuk pemetaan, diantaranya adalah Auto Cad, Arc View, dan GIS.
</p><p>4. Mempunyai kemampuan Digitasi Peta dan Kebencanaan
</p><p>5. Mampu bekerjasama dalam tim
</p><p>6. Jujur, pekerja keras, aktif, inovatif, teliti dan berdedikasi tinggi
</p><p><br></p>",2024-03-16T09:36:19.564194Z
"PT Hokinda Citralestari","Staff Gudang",Medan,false,LABEL_COMPETITIVE_SALARY,"[""SMA""]","Pemula / Staf",https://karir.com//opportunities/1357727,"Tidak Disebutkan","<ul><li>Pria, min. SMA/sederajat</li><li>Menyukai pekerjaan lapangan</li><li>&nbsp;Mampu bertanggung jawab dan menjaga stock barang dengan baik</li></ul><p><strong>Benefit :</strong></p><ul><li>Tunjangan Makan &amp; Transport</li><li>BPJS</li><li>Bonus Performance</li><li>Training</li><li>Jenjang Karir</li></ul>",2024-03-15T01:45:21.863225Z
"PT Dunia Nutrisi Indonesia","FINANCE ACCOUNTING STAFF","Jakarta Utara",false,LABEL_COMPETITIVE_SALARY,"[""S1"",""D3""]","Staf Senior",https://karir.com//opportunities/1392736,"Tidak Disebutkan","<p>• Usia maksimal 35 tahun
</p><p>• Pendidikan minimal SMK</p><p>• Pengalaman departemen Finance Accounting minimal 1 tahun</p><p><strong>Bisa Masuk Mei 2024</strong></p><p><strong>Diutamakan fasih accurate &amp; sedikit menguasai Bahasa Mandarin</strong></p><br><p><br></p>",2024-03-15T02:46:05.438653Z
"PT Sejahtera Mitra Solusi","Project Admin Staff (MIS & Compliance)","Jakarta Pusat",false,LABEL_COMPETITIVE_SALARY,"[""S1""]","Pemula / Staf",https://karir.com//opportunities/1394255,"Tidak Disebutkan","<br><ul><li>Pendidikan S1 Management Informatika / Manajemen</li><li>Usia 21-30 Tahun (Diutamakan laki-laki)</li><li>Memiliki keterampilan dalam penggunaan Ms. Excel (HLookUp, VLookUp, CountIF, SUMIF, Pivot, dll)</li><li>Memiliki komunikasi dan kerjasama yang baik</li><li>Penempatan di HO Adira Finance (Jakarta Selatan)</li></ul>",2024-03-15T02:01:15.287875Z
"PT Warna Warni Investama","ENGINEERING STAFF - JAKARTA","Prov. DKI-Jakarta",false,LABEL_COMPETITIVE_SALARY,"[""S1""]","Staf Senior",https://karir.com//opportunities/1394240,"Tidak Disebutkan","<p>Kualifikasi
</p>

<p>•    Usia Maksimal 30 Tahun
</p><p>•    Pendidikan Minimal S1 Jurusan Teknik 
</p><p>•    Pengalaman Minimal 1 Tahun di Apartment/Hotel/Mall
</p><p>•    tanggung jawab, Jujur, Inisiatif, komunikatif dan bersedia bekerja shift
</p><p>•    Service Oriented
</p><p>•    Bersedia bekerja shift
</p><p>•    Memiliki keahlian instalasi lebih disukai
</p><p>•    Sehat Jasmani dan berkepribadian baik
</p><p>•    Penempatan di Jakarta Pusat</p>







",2024-03-14T07:21:13.52547Z
"PT Indomobil Finance Indonesia","Field Collection Staff - Aceh","Prov. DI-Aceh",false,LABEL_COMPETITIVE_SALARY,"[""S1"",""D3"",""SMA""]","Pemula / Staf",https://karir.com//opportunities/1390198,"Tidak Disebutkan","<p><ul><li>Pendidikan min. SMA/SMK/sederajat (D3/S1 diutamakan)
</li><li>Usia maks. 32 tahun
</li><li>Memiliki motor pribadi dan SIM C
</li><li>Pengalaman diutamakan minimal 1 Tahun
</li><li>Menyukai pekerjaan lapangan dan bersedia bekerja dengan target
</li><li>Memahami alur proses penagihan
</li><li>Penempatan : Aceh</li></ul></p>",2024-03-14T01:39:14.448552Z
"PT Imecon Teknindo","Purchasing Staff",Depok,false,LABEL_COMPETITIVE_SALARY,"[""S1""]","Pemula / Staf",https://karir.com//opportunities/1394199,"Tidak Disebutkan","<p></p><ol><li>Pria/wanita, usia maks. 35 tahun</li><li>Pendidikan minimal S1 semua jurusan (Diutamakan dengan background Farmasi)</li><li>Pengalaman minimal 1 tahun sebagai Purchasing (Diutamakan yang memiliki pengalaman Purchasing di RS selama 1 tahun)</li><li>Familiar dalam pembuatan PO, Invoice dan sejenisnya</li><li>Penempatan di RS Swasta daerah Cinere, Depok</li></ol><p></p>",2024-03-13T03:13:11.592382Z
"PT Warna Warni Investama","ENGINEERING STAFF",Surabaya,false,LABEL_COMPETITIVE_SALARY,"[""S1""]","Pemula / Staf",https://karir.com//opportunities/1394180,"Tidak Disebutkan","<p>Kualifikasi</p><br><p>•&nbsp;&nbsp;&nbsp; Usia Maksimal 30 Tahun</p><p>•&nbsp;&nbsp;&nbsp; Pendidikan Minimal S1 Jurusan Teknik&nbsp;</p><p>•&nbsp;&nbsp;&nbsp; Pengalaman Minimal 1 Tahun di Apartment/Hotel/Mall</p><p>•&nbsp;&nbsp;&nbsp; tanggung jawab, Jujur, Inisiatif, komunikatif dan bersedia bekerja shift</p><p>•&nbsp;&nbsp;&nbsp; Service Oriented</p><p>•&nbsp;&nbsp;&nbsp; Bersedia bekerja shift</p><p>•&nbsp;&nbsp;&nbsp; Memiliki keahlian instalasi lebih disukai</p><p>•&nbsp;&nbsp;&nbsp; Sehat Jasmani dan berkepribadian baik</p><p>•&nbsp;&nbsp;&nbsp; Penempatan di Surabaya</p>",2024-03-12T02:27:25.449012Z
"PT Transpacific Finance","Administration Staff - Sukabumi",Sukabumi,false,LABEL_COMPETITIVE_SALARY,"[""S1"",""D3""]","Pemula / Staf",https://karir.com//opportunities/1394188,"Tidak Disebutkan","<p></p><ul><li>Usia maksimal 28 tahun
</li><li>Pendidikan minimal D3 atau sederajat untuk semua jurusan
</li><li>IPK minimal 2,75
</li><li>Dapat mengoperasikan Ms. Office terutama Excel dan menyukai pekerjaan administrasi
</li><li>Dinamis dan Komunikatif, serta dapat bekerja dengan tim maupun individu
</li><li>Diutamakan domisili di wilayah Sukabumi
</li><li>Sudah mendapat Vaksin dosis kedua</li></ul><p></p>",2024-03-12T06:16:14.273887Z
"PT Artha Demo Engineering Consultant","Staff Teknik Lingkungan",Bandung,false,LABEL_COMPETITIVE_SALARY,"[""S2"",""S1""]","Staf Senior",https://karir.com//opportunities/1394194,"Tidak Disebutkan","<p>1. Pria/Wanita
</p><p>2. Pengalaman di Konsultan Perencanaan
</p><p>3. Bersedia bekerja dibawah tekanan
</p><p>4. Memahami KLHS dan memiliki sertifikat KLHS (Bila ada)
</p><p>5. Memahami pengelolaan lingkungan
</p><p>6. Berpengalaman dalam kajian lingkungan berkaitan dengan kawasan industri</p><p><br></p>",2024-03-12T13:18:12.417237Z
"PT Centrepark Citra Corpora","STAFF AUDITOR","Jakarta Pusat",false,LABEL_COMPETITIVE_SALARY,"[""S1""]","Pemula / Staf",https://karir.com//opportunities/1392535,"Tidak Disebutkan","<p>- Memiliki Integritas yang baik
</p><p>- Memiliki Logika dan Komunikasi yang baik
</p><p>- Usia Maks 35 Tahun
</p><p>- Fres Graduate are welcome
</p><p>- Memiliki pengalaman Audit lebih disukai
</p><p>- Bersedia Dinas Luar Kota
</p><p><br></p>",2024-03-12T02:40:45.488549Z
"PT Teknik Alum Service","Mandarin Translator Staff","Jakarta Selatan",true,LABEL_COMPETITIVE_SALARY,"[""S1""]","Pemula / Staf",https://karir.com//opportunities/1394184,"Tidak Disebutkan","<p>Hard Skills:</p><p>&nbsp;Proficient in Chinese</p><p>&nbsp;Project Management Skills</p><p>&nbsp;People Management Skills</p><p>&nbsp;Analytical Skills</p><br><p>Soft Skills:</p><p>&nbsp;Critical Thinking</p><p>&nbsp;Adaptability</p><p>&nbsp;Team Work</p><p>&nbsp;Active Learning</p><p>&nbsp;Problem Solving</p>",2024-03-12T03:27:35.782173Z
"PT Solusi Global Group","Trial Staff",Bandung,false,LABEL_COMPETITIVE_SALARY,"[""SMA""]","Pemula / Staf",https://karir.com//opportunities/1394174,"Tidak Disebutkan","<ol><li>Pendidikan min SMA farmasi / teknik kimia / kimia analis</li><li>Terbiasa menggunakan peralatan laboratorium</li><li>Memiliki pemahaman mengenai uji validasi &amp; stabilitas&nbsp;</li><li>Komunikatif dan bisa bekerjasama di dalam tim</li><li>Target oriented</li><li>Siap shifting&nbsp;</li></ol>",2024-03-09T02:03:50.842564Z
"PT Solusi Global Group","Marketing & Sales Staff",Bandung,false,LABEL_COMPETITIVE_SALARY,"[""SMA""]","Pemula / Staf",https://karir.com//opportunities/1394143,"Tidak Disebutkan","<ol><li>Pendidikan min SMK Farmasi</li><li>Pengalaman min 1 tahun di bidang marketing &amp; sales</li><li>Memiliki ketertarikan di bidang kosmetik &amp; personal care</li><li>Komunikatif dan aktif</li><li>Dapat Bekerjasama di dalam tim</li><li>Target oriented</li></ol>",2024-03-08T02:49:46.803069Z
"A Big Group of Companies","Payroll Staff (3 bulan)","Jakarta Pusat",false,LABEL_COMPETITIVE_SALARY,"[""S1""]","Pemula / Staf",https://karir.com//opportunities/1394169,"Tidak Disebutkan","<ul><li>&nbsp; Pendidikan Minimal S1 jurusan Akuntansi, Ekonomi, Psikologi</li><li>&nbsp; Wanita. Usia max. 35 Tahun</li><li>&nbsp; Diperlukan setidaknya 1 tahun pengalaman kerja di bidang terkait</li><li>&nbsp; Diutamakan yang berpengalaman mengelola penggajian menggunakan Aplikasi ANDAL</li><li>&nbsp; Jujur, teliti, cekatan</li><li>&nbsp; Keterampilan dan kepemimpinan manajerial yang kuat dan memiliki verbal, tulisan, dan interpersonal yang baik</li><li>&nbsp;Kemampuan berkomunikasi</li><li>&nbsp;Mahir dalam mengoperasikan Ms. Office</li><li>&nbsp;Memiliki Integritas serta tanggung jawab</li><li>Bersedia kontrak 3 bulan (pengganti maternity leave)<br></li></ul>",2024-03-08T08:42:02.838639Z
"PT Warna Warni Investama","Staff Tax",Surabaya,false,LABEL_COMPETITIVE_SALARY,"[""S1"",""D3""]","Pemula / Staf",https://karir.com//opportunities/1394123,"Tidak Disebutkan","<br><p>· Pendidikan minimal D3 Perpajakan</p><br><p>· Menguasi Ms. Office</p><br><p>· Mampu bekerja secara tim dan individu</p><br><p>· Bertanggung jawab, disiplin dan jujur</p>",2024-03-07T02:44:33.150861Z
"PT Centrepark Citra Corpora","STAFF ACCOUNTING ","Jakarta Pusat",false,LABEL_COMPETITIVE_SALARY,"[""S1""]","Pemula / Staf",https://karir.com//opportunities/1386926,"Tidak Disebutkan","<ul><li>Pendidikan S1 Akuntansi</li><li>Pria/Wanita, maksimal usia 30 tahun</li><li>Diutamakan pengalaman Min. 1 tahun dibidang Akuntansi (<em>Fresh Graduate</em> dipersilahkan melamar)</li><li>Bersedia bekerja dibawah tekanan</li></ul>",2024-03-07T08:03:28.068108Z
"PT Mitra Langgeng Sejati","IT Datacenter Staff","Jakarta Selatan",false,LABEL_COMPETITIVE_SALARY,"[""S1""]","Pemula / Staf",https://karir.com//opportunities/1394132,"Tidak Disebutkan","<p>* Diploma , Bachelor's degree in computer science, information technology, or similar.</p><p>* In-depth knowledge of data center environments, servers, and network equipment.</p><p>* Extensive experience in installing, monitoring, and maintaining data center equipment.</p><p>* Exceptional ability to work as part of a team, provide IT support, and resolve errors.</p><p>* Ability to keep up with advancements in data center infrastructure and technologies.</p><p>* Exceptional communication skills.</p><p>* Willingness to respond to network and server errors after hours.</p>",2024-03-07T08:52:42.975902Z
"Perusahaan dirahasiakan","Staff Custody ATM / Driver (Sukabumi)",Sukabumi,false,LABEL_COMPETITIVE_SALARY,"[""SMA""]","Pemula / Staf",https://karir.com//opportunities/1360322,"Tidak Disebutkan","<p>1.	Pria
</p><p>2.	Usia maksimal 28 Tahun
</p><p>3.	Pendidikan Minimal SMA/Sederajat
</p><p>4.	Dapat mengendarai mobil dan motor
</p><p>5.	Wajib memiliki SIM A/B dan SIM C
</p><p>6.	Bersedia Bekerja secara Shift
</p><p>7.	Sehat Jasmani dan Rohani
</p><p>8.	Berkelakuan baik dan jujur
</p><p>9.	Dapat bekerja secara individual dan team
</p><p>10.	Telah melakukan vaksinasi minimal dosis 2 (dua) pada saat melamar pekerjaan ini
</p><p><br></p>",2024-03-06T08:07:36.967287Z
"PT Abacus Cash Solution","Staff Custody CIT (Sukabumi)",Sukabumi,false,LABEL_COMPETITIVE_SALARY,"[""SMA""]","Pemula / Staf",https://karir.com//opportunities/1383670,"Tidak Disebutkan","<p>1. Pria
</p>
<p>2. Usia maksimal 28 Tahun
</p><p>3. Pendidikan Minimal SMA/Sederajat
</p><p>4. Dapat mengendarai mobil dan motor
</p><p>5. Wajib memiliki SIM A/B dan SIM C
</p><p>6. Bersedia bekerja secara Shift
</p><p>7. Sehat Jasmani dan Rohani
</p><p>8. Berkelakuan baik dan jujur
</p><p>9. Dapat bekerja secara individual dan team
</p><p>10. Telah melakukan vaksinasi minimal dosis 2 (dua) pada saat melamar pekerjaan ini</p>







",2024-03-06T08:07:41.859973Z
"PT Asuransi Bintang Tbk","(JV2403002) Treasury Staff - Jakarta","Jakarta Selatan",false,LABEL_COMPETITIVE_SALARY,"[""S1""]","Pemula / Staf",https://karir.com//opportunities/1394115,"Tidak Disebutkan","<p>Untuk lebih detail silahkan masuk ke portal Perusahaan (www.asuransibintang.com) menu Karir&nbsp;</p>",2024-03-06T09:27:00Z
"PT Asia Garments Accesories","Staff Administrasi (Solo)","Jakarta Pusat",false,LABEL_COMPETITIVE_SALARY,"[""S1"",""SMA""]","Pemula / Staf",https://karir.com//opportunities/1365773,"Tidak Disebutkan","<div data-pasted=""1"">
<ul>
<li>Laki-laki dan perempuan usia minimal 21 tahun dan maximal 30 tahun</li>
<li>Pendidikan min SMA/ D3/ S1</li>
<li>Pengalaman minimal 1 tahun di bidang administrasi</li>
<li>menguasai program komputer Ms. Office dan internet</li>
<li>bertanggung jawab, teliti, dan rajin</li>
</ul>
</div>",2024-03-05T03:41:18.219154Z
"Raden Annisa Brides","STAFF TATA BUSANA",Bandung,true,LABEL_COMPETITIVE_SALARY,"[""SMA""]","Pemula / Staf",https://karir.com//opportunities/1394054,"Tidak Disebutkan","<p>1. Min. lulusan SMK tata busana/penjahit profesional
</p><p>2. Usia max. 40 tahun
</p><p>3. Jujur, bertanggungjawab, teliti dan pekerja keras
</p><p>4. Dapat berkomunikasi baik dengan klien dan team
</p><p>5. Paham teknik pola dan jahit
</p><p>6. Mahir menggambar design busana
</p><p>7. Bisa payet
</p><p>8. Domisili Bandung</p>",2024-03-05T06:28:39.727407Z
"PT Provis Garuda Services","Accounting Staff","Jakarta Pusat",false,LABEL_COMPETITIVE_SALARY,"[""S1""]","Pemula / Staf",https://karir.com//opportunities/1384555,"Tidak Disebutkan","<ul><li>Male/ Female</li><li>Age Max 25</li><li>Bachelor Degree Accounting/Finance</li><li>1 - 3 years experience as Accounting with closing experience in insurance company</li><li>Knoweledge or experience in IFRS 17 will be a plus point</li><li>Ready to Joint</li><li>Placement in Sudirman, South Jakarta</li></ul>",2024-03-05T07:25:26.597092Z
"PT Shelter Nusantara","HRD Staff","KOTA SEMARANG",false,LABEL_COMPETITIVE_SALARY,"[""S1""]","Pemula / Staf",https://karir.com//opportunities/1394020,"Tidak Disebutkan","<p>Min S1 Sederajat Hukum, SDM, atau Psikologi
Menguasai <br>Memiliki pengalaman kerja sebagai staff HR atau posisi sejenis<br>Memahami tentang fungsi HR serta penerapan strateginya<br>Memiliki sertifikasi HR menjadi nilai tambah<br>Memahami Undang-undang Ketenagakerjaan<br>Mahir dalam Ms. Office<br>Memiliki pengetahuan tentang HRMS menjadi nilai tambah<br>Memiliki kemampuan komunikasi secara lisan dan tulisan dengan baik<br>Memiliki kemampuan organisasi dan manajemen waktu yang baik<br>Mampu melakukan negosiasi dan pemecahan masalah<br>Detail oriented<br>Memahami segala administrasi karyawan<br>Mahir Ms. Office
<br>Berpengalaman dibidang yang sama</p><p>Penempatan Karanganyar, Solo 2 Bulan
<br>Bersedia training di Sidoarjo <br><br><strong>Benefit</strong><br>Gaji 2.700.000.-<br>BPJS Ketenagakerjaan dan BPJS Kesehatan <br>(Selama Training 2 bulan) Mess, Makan siang
</p>",2024-03-04T02:45:02.936875Z
"PT Shelter Nusantara","Accounting Staff",Surabaya,false,LABEL_COMPETITIVE_SALARY,"[""S1""]","Pemula / Staf",https://karir.com//opportunities/1394032,"Tidak Disebutkan","- Perempuan max 35 tahun<p>- Memiliki pengalaman di bagian accounting dan perpajakan</p><p>- Pendidikan minimal S1 Akuntansi</p><p>- Penempatan Gresik</p>",2024-03-04T09:42:22.284136Z
"APOTEK ROXY - ROXY GROUP","STAFF FINANCE / ACCOUNTING","Jakarta Pusat",false,LABEL_COMPETITIVE_SALARY,"[""S1"",""D3"",""SMA""]","Pemula / Staf",https://karir.com//opportunities/1394002,"Tidak Disebutkan","<p>Pendidikan minimal SMK</p><p>Pengalaman kerja minimal 1 tahun di bidang faktur pajak</p><p>Paham dasar perhitungan pajak</p><p>Penempatan kerja di Jakarta Pusat<br></p>",2024-03-01T09:18:44.445001Z
