pt,title,lokasi,gaji,level,pendidikan,tipePekerjaan,url,posteDate
"SANJAYA THANRY BAHTERA","Staff Finance Accounting","Jakarta Utara",Negosiasi,"Junior / Entry Level",Diploma/D1/D2/D3,"Sarjana / S1",https://www.loker.id/akuntansi-keuangan/akuntansi-finansial/staff-finance-accounting-sanjaya-thanry-bahtera-jakarta-utara.html,"Updated:  April 27, 2024"
"PT. LMT LOGISTICS","Marketing Officer","Jakarta Timur",Negosiasi,"Junior / Entry Level",Diploma/D1/D2/D3,"Sarjana / S1",https://www.loker.id/pemasaran/komunikasi-pemasaran/marketing-officer-pt-lmt-logistics-jakarta-timur.html,"Posted Date: April 22, 2024"
"Confidential Company",Cook,"DKI Jakarta",Negosiasi,"Junior / Entry Level",Diploma/D1/D2/D3,"SMA / SMK / STM",https://www.loker.id/restaurant/koki/cook-confidential-company-dki-jakarta.html,"Updated:  April 19, 2024"
"PT. Tiga Pilar Familia","Warehouse Staff","Jakarta Utara","Rp.2 – 3 Juta","Junior / Entry Level","SMA / SMK / STM","Purna Waktu / Full Time",https://www.loker.id/transportation-logistics/warehouse/warehouse-staff-pt-tiga-pilar-familia-jakarta-utara.html,"Posted Date: April 5, 2024"
"PT Sari Kreasi Boga, Tbk","Staff IT Support","Jakarta Barat","Rp.1 - 2 Juta","Junior / Entry Level",Diploma/D1/D2/D3,"SMA / SMK / STM",https://www.loker.id/information-technology/help-desk-it-support/staff-it-support-pt-sari-kreasi-boga-tbk-jakarta-barat.html,"Posted Date: April 3, 2024"
"Marietta Beauty Bar","Staff Nail Art","Jakarta Barat",Negosiasi,"Junior / Entry Level",Diploma/D1/D2/D3,"Sarjana / S1",https://www.loker.id/kecantikan/staff-nail-art-marietta-beauty-bar-jakarta-barat.html,"Updated:  Januari 26, 2024"
"PT. PELITA NIAGA SEJAHTERA","Staff Purchasing","Jakarta Barat",Negosiasi,"Junior / Entry Level",Diploma/D1/D2/D3,"Sarjana / S1",https://www.loker.id/transportation-logistics/purchasing-pembelian/staff-purchasing-pt-pelita-niaga-sejahtera-jakarta-barat.html,"Posted Date: April 29, 2024"
"PT Sentra Brosis Indojaya","Staff Admin Gudang","Jakarta Pusat",Negosiasi,"Junior / Entry Level",Diploma/D1/D2/D3,"SMA / SMK / STM",https://www.loker.id/transportation-logistics/warehouse/staff-admin-gudang-pt-sentra-brosis-indojaya-jakarta-pusat-5.html,"Posted Date: April 27, 2024"
"Mojiyama Florist","Staff Pramuniaga Toko","Jakarta Barat",Negosiasi,"Junior / Entry Level","SMA / SMK / STM","Purna Waktu / Full Time",https://www.loker.id/ritel/asisten-ritel/staff-pramuniaga-toko-mojiyama-florist-jakarta-barat.html,"Updated:  April 29, 2024"
"Mojiyama Florist","Staff Warehouse","Jakarta Barat",Negosiasi,"Junior / Entry Level","SMA / SMK / STM","Purna Waktu / Full Time",https://www.loker.id/transportation-logistics/warehouse/staff-warehouse-mojiyama-florist-jakarta-barat.html,"Updated:  April 29, 2024"
"PT. RAJAWALI LINTAS SAMUDERA","Sales Representative EMKL","Jakarta Utara","Rp.3 – 4 Juta","Junior / Entry Level",Diploma/D1/D2/D3,"Sarjana / S1",https://www.loker.id/penjualan/akun-dan-relasi/sales-representative-emkl-pt-rajawali-lintas-samudera-jakarta-utara.html,"Posted Date: April 25, 2024"
"Jatiluhur Glass",Administrasi,"Jakarta Utara","Rp.1 - 2 Juta","Junior / Entry Level",Diploma/D1/D2/D3,"SMA / SMK / STM",https://www.loker.id/administrasi/staf-admin/administrasi-jatiluhur-glass-jakarta-utara.html,"Posted Date: April 25, 2024"
"Amaranggana Batik","Digital Marketing","Jakarta Selatan",Negosiasi,"Junior / Entry Level",Diploma/D1/D2/D3,"Sarjana / S1",https://www.loker.id/pemasaran/pemasaran-digital/digital-marketing-amaranggana-batik-jakarta-selatan.html,"Posted Date: April 25, 2024"
"Kidsworld Play and Learn","Staff Kurir / Driver Motor","Jakarta Pusat","Rp.2 – 3 Juta","Junior / Entry Level","SMA / SMK / STM",Freelance,https://www.loker.id/transportation-logistics/kurir/staff-kurir-driver-motor-kidsworld-play-and-learn-jakarta-pusat.html,"Posted Date: April 25, 2024"
"PT TOTAL SOLUSINDO MESIN","Sales Executive","Jakarta Barat",Negosiasi,"Junior / Entry Level",Diploma/D1/D2/D3,"SMA / SMK / STM",https://www.loker.id/penjualan/konsultan-penjualan/sales-executive-pt-total-solusindo-mesin-jakarta-barat.html,"Posted Date: April 25, 2024"
"PT INTINUSA MITRA SUKSES","Staff Administrasi","Jakarta Utara",Negosiasi,"Junior / Entry Level",Diploma/D1/D2/D3,"SMA / SMK / STM",https://www.loker.id/administrasi/staf-admin/staff-administrasi-pt-intinusa-mitra-sukses-jakarta-utara.html,"Posted Date: April 25, 2024"
"Platinum Digital Printing","Sales Admin Staff","Jakarta Pusat",Negosiasi,"Junior / Entry Level",Diploma/D1/D2/D3,"SMA / SMK / STM",https://www.loker.id/administrasi/administrasi-penjualan/sales-admin-staff-platinum-digital-printing-jakarta-pusat-3.html,"Posted Date: April 25, 2024"
"Platinum Digital Printing","Kurir Staff","Jakarta Pusat",Negosiasi,"Junior / Entry Level","SMA / SMK / STM","Purna Waktu / Full Time",https://www.loker.id/transportation-logistics/kurir/kurir-staff-platinum-digital-printing-jakarta-pusat.html,"Posted Date: April 25, 2024"
"PT. Maxindo Mitra Solusi","Finance Staff","Jakarta Barat","Rp.3 – 4 Juta","Junior / Entry Level",Diploma/D1/D2/D3,"SMA / SMK / STM",https://www.loker.id/akuntansi-keuangan/akuntansi-finansial/finance-staff-pt-maxindo-mitra-solusi-jakarta-barat.html,"Posted Date: April 24, 2024"
"PT.METRO FAVORIT CITRAABADI","Staff Accounting","Jakarta Barat","Rp.3 – 4 Juta","Junior / Entry Level",Diploma/D1/D2/D3,"Sarjana / S1",https://www.loker.id/akuntansi-keuangan/akuntansi-finansial/staff-accounting-pt-metro-favorit-citraabadi-jakarta-barat.html,"Posted Date: April 24, 2024"
"KOPERASI NUSA RAYA CIPTA","Staff Admin","Jakarta Utara","Rp.4 – 5 Juta","Junior / Entry Level",Diploma/D1/D2/D3,"Sarjana / S1",https://www.loker.id/administrasi/staf-admin/staff-admin-koperasi-nusa-raya-cipta-jakarta-utara.html,"Updated:  April 25, 2024"
"PT SUARA AGUNG","Staff Administrasi","Jakarta Timur",Negosiasi,"Junior / Entry Level",Diploma/D1/D2/D3,"Sarjana / S1",https://www.loker.id/administrasi/staf-admin/staff-administrasi-pt-suara-agung-jakarta-timur.html,"Posted Date: April 24, 2024"
"PT Indogear Transmisi Sistem","Admin Staff","Jakarta Barat",Negosiasi,"Junior / Entry Level",Diploma/D1/D2/D3,"Sarjana / S1",https://www.loker.id/administrasi/staf-admin/admin-staff-pt-indogear-transmisi-sistem-jakarta-barat-11.html,"Posted Date: April 24, 2024"
"PT SUARA AGUNG","Marketing Excecutive","Jakarta Timur",Negosiasi,"Junior / Entry Level",Diploma/D1/D2/D3,"Sarjana / S1",https://www.loker.id/pemasaran/komunikasi-pemasaran/marketing-excecutive-pt-suara-agung-jakarta-timur.html,"Posted Date: April 24, 2024"
"PT Blackwater Indonesia",TeleMarketing,"Jakarta Utara","Rp.3 – 4 Juta","Junior / Entry Level",Diploma/D1/D2/D3,"SMA / SMK / STM",https://www.loker.id/telemarketing-telesales/telemarketing-pt-blackwater-indonesia-jakarta-utara.html,"Posted Date: April 24, 2024"
"Deta Yamaha Group","Staff Admin","Jakarta Pusat","Rp.3 – 4 Juta","Junior / Entry Level",Diploma/D1/D2/D3,"SMA / SMK / STM",https://www.loker.id/administrasi/staf-admin/staff-admin-deta-yamaha-group-jakarta-pusat-2.html,"Posted Date: April 23, 2024"
"Kantor Konsultan S. Hanah, S.E.",Administrasi,"Jakarta Pusat","Rp.3 – 4 Juta","Junior / Entry Level",Diploma/D1/D2/D3,"SMA / SMK / STM",https://www.loker.id/administrasi/staf-admin/administrasi-kantor-konsultan-s-hanah-s-e-jakarta-pusat.html,"Posted Date: April 23, 2024"
"PT. Sarana Multi Intermoda","Staff Admin Monitoring","Jakarta Utara","Rp.3 – 4 Juta","Junior / Entry Level",Diploma/D1/D2/D3,"Sarjana / S1",https://www.loker.id/transportation-logistics/logistik/staff-admin-monitoring-pt-sarana-multi-intermoda-jakarta-utara.html,"Posted Date: April 23, 2024"
"PT Awaliyah Bouraq Indonesia","Staff Marketing","Jakarta Selatan",Negosiasi,"Junior / Entry Level",Diploma/D1/D2/D3,"Sarjana / S1",https://www.loker.id/pemasaran/komunikasi-pemasaran/staff-marketing-pt-awaliyah-bouraq-indonesia-jakarta-selatan.html,"Posted Date: April 23, 2024"
"PT Prioritas Confex Indonesia","Staff Administrasi Accounting","Jakarta Barat","Rp.3 – 4 Juta","Junior / Entry Level","SMA / SMK / STM","Purna Waktu / Full Time",https://www.loker.id/administrasi/staff-administrasi-accounting-pt-prioritas-confex-indonesia-jakarta-barat.html,"Posted Date: April 23, 2024"
"Grasberg Emas Star","Accounting Staff","Jakarta Timur","Rp.6 – 7 Juta","Junior / Entry Level",Diploma/D1/D2/D3,"Sarjana / S1",https://www.loker.id/akuntansi-keuangan/akuntansi-finansial/accounting-staff-grasberg-emas-star-jakarta-timur.html,"Posted Date: April 23, 2024"
Lalulaku,"Staff Packing","Jakarta Barat","Rp.3 – 4 Juta","Junior / Entry Level","SMA / SMK / STM","Purna Waktu / Full Time",https://www.loker.id/transportation-logistics/packing/staff-packing-lalulaku-jakarta-barat.html,"Posted Date: April 23, 2024"
Lalulaku,"Staff Administrasi Kantor","Jakarta Barat","Rp.3 – 4 Juta","Junior / Entry Level",Diploma/D1/D2/D3,"Sarjana / S1",https://www.loker.id/administrasi/staf-admin/staff-administrasi-kantor-lalulaku-jakarta-barat.html,"Posted Date: April 23, 2024"
"PT ROYAL WESTINDO GLOBAL","Finance Staff","Jakarta Barat","Rp.3 – 4 Juta","Junior / Entry Level",Diploma/D1/D2/D3,"Sarjana / S1",https://www.loker.id/akuntansi-keuangan/akuntansi-finansial/finance-staff-pt-royal-westindo-global-jakarta-barat.html,"Posted Date: April 23, 2024"
"PT SALAM SEHAT INDONESIA","Staff Commercial","Jakarta Selatan","Rp.2 – 3 Juta","Junior / Entry Level",Diploma/D1/D2/D3,"Sarjana / S1",https://www.loker.id/pemasaran/public-relation-humas/staff-commercial-pt-salam-sehat-indonesia-jakarta-selatan.html,"Posted Date: April 23, 2024"
"PT CHANDRA ANUGRAH GEMILANG","Staff Packer","Jakarta Utara","Rp.2 – 3 Juta","Junior / Entry Level","SMA / SMK / STM","Purna Waktu / Full Time",https://www.loker.id/transportation-logistics/packing/staff-packer-pt-chandra-anugrah-gemilang-jakarta-utara.html,"Posted Date: April 23, 2024"
"CV Kencana Buana Prima","Staff Accounting","Jakarta Utara","Rp.3 – 4 Juta","Junior / Entry Level",Diploma/D1/D2/D3,"Sarjana / S1",https://www.loker.id/akuntansi-keuangan/akuntansi-finansial/staff-accounting-cv-kencana-buana-prima-jakarta-utara.html,"Posted Date: April 23, 2024"
"Uola Prima Sejahtera, PT","Staff Admin","Jakarta Barat",Negosiasi,"Junior / Entry Level",Diploma/D1/D2/D3,"Sarjana / S1",https://www.loker.id/administrasi/staf-admin/staff-admin-uola-prima-sejahtera-pt-jakarta-barat.html,"Posted Date: April 22, 2024"
"Widjaja Sukses Karya","Staff Purchasing","Jakarta Barat","Rp.2 – 3 Juta","Junior / Entry Level",Diploma/D1/D2/D3,"Sarjana / S1",https://www.loker.id/transportation-logistics/purchasing-pembelian/staff-purchasing-widjaja-sukses-karya-jakarta-barat.html,"Posted Date: April 22, 2024"
"LJ Hooker Tomang","Staff Admin","Jakarta Barat","Rp.3 – 4 Juta","Junior / Entry Level",Diploma/D1/D2/D3,"Sarjana / S1",https://www.loker.id/administrasi/staf-admin/staff-admin-lj-hooker-tomang-jakarta-barat.html,"Posted Date: April 22, 2024"
"CV Kencana Buana Prima","Staff Marketing","Jakarta Timur","Rp.2 – 3 Juta","Junior / Entry Level",Diploma/D1/D2/D3,"Sarjana / S1",https://www.loker.id/ritel/asisten-ritel/staff-marketing-cv-kencana-buana-prima-jakarta-timur.html,"Posted Date: April 20, 2024"
"PT. SOLUSI INDO RAYA","Staff Barista","Jakarta Selatan","Rp.1 - 2 Juta","Junior / Entry Level","SMA / SMK / STM",Kontrak,https://www.loker.id/restaurant/barista/staff-barista-pt-solusi-indo-raya-jakarta-selatan.html,"Posted Date: April 20, 2024"
"PT HAFA KREATIF INDUSTRI","Inventory Purchasing","Jakarta Selatan",Negosiasi,"Junior / Entry Level",Diploma/D1/D2/D3,"Sarjana / S1",https://www.loker.id/transportation-logistics/ppic/inventory-purchasing-pt-hafa-kreatif-industri-jakarta-selatan.html,"Posted Date: April 19, 2024"
"Pt bahana samudra kreasindo","Staff Marketing","Jakarta Utara",Negosiasi,"Junior / Entry Level",Diploma/D1/D2/D3,"SMA / SMK / STM",https://www.loker.id/pemasaran/komunikasi-pemasaran/staff-marketing-pt-bahana-samudra-kreasindo-jakarta-utara-3.html,"Posted Date: April 19, 2024"
"PT. SURYA KREASI PRATAMA","Staff Kurir","Jakarta Barat","Rp.3 – 4 Juta","Junior / Entry Level","SMA / SMK / STM",Kontrak,https://www.loker.id/transportation-logistics/kurir/staff-kurir-pt-surya-kreasi-pratama-jakarta-barat.html,"Posted Date: April 19, 2024"
"CV GLOBAL MEGAH LAKSANA","Pramuniaga Toko","Jakarta Pusat",Negosiasi,"Junior / Entry Level","SMA / SMK / STM","Purna Waktu / Full Time",https://www.loker.id/ritel/asisten-ritel/pramuniaga-toko-cv-global-megah-laksana-jakarta-pusat.html,"Posted Date: April 19, 2024"
"CV GLOBAL MEGAH LAKSANA","Admin Online Shop","Jakarta Barat",Negosiasi,"Junior / Entry Level",Diploma/D1/D2/D3,"SMA / SMK / STM",https://www.loker.id/penjualan/e-commerce/admin-online-shop-cv-global-megah-laksana-jakarta-barat.html,"Posted Date: April 19, 2024"
"CV GLOBAL MEGAH LAKSANA","Staff Accounting","Jakarta Barat",Negosiasi,"Junior / Entry Level",Diploma/D1/D2/D3,"Sarjana / S1",https://www.loker.id/akuntansi-keuangan/akuntansi-finansial/staff-accounting-cv-global-megah-laksana-jakarta-barat.html,"Posted Date: April 19, 2024"
"Penta Powerindo Perkasa","Staff Admin Accounting","Jakarta Barat","Rp.3 – 4 Juta","Junior / Entry Level",Diploma/D1/D2/D3,"SMA / SMK / STM",https://www.loker.id/akuntansi-keuangan/akuntansi-finansial/staff-admin-accounting-penta-powerindo-perkasa-jakarta-barat.html,"Posted Date: April 19, 2024"
"Penta Powerindo Perkasa","Quantity Surveyor","Jakarta Barat","Rp.4 – 5 Juta","Junior / Entry Level",Diploma/D1/D2/D3,"Sarjana / S1",https://www.loker.id/konstruksi-dan-bangunan/quantity-surveyor/quantity-surveyor-penta-powerindo-perkasa-jakarta-barat.html,"Posted Date: April 19, 2024"
Bing-Electronic,"Staff Gudang","Jakarta Pusat",Negosiasi,"Junior / Entry Level","SMA / SMK / STM","Purna Waktu / Full Time",https://www.loker.id/transportation-logistics/warehouse/staff-gudang-bing-electronic-jakarta-pusat.html,"Posted Date: April 19, 2024"
"Saint Nicholas School PIK",Supir,"Jakarta Utara",Negosiasi,"Junior / Entry Level","SMA / SMK / STM",Kontrak,https://www.loker.id/transportation-logistics/driver/supir-saint-nicholas-school-pik-jakarta-utara.html,"Posted Date: April 18, 2024"
"PT. Djajadiningrat Kencana Abadi","Cook Helper – Indonesian Food","Jakarta Barat","Rp.4 – 5 Juta","Junior / Entry Level",Diploma/D1/D2/D3,"Sarjana / S1",https://www.loker.id/restaurant/koki/cook-helper-indonesian-food-pt-djajadiningrat-kencana-abadi-jakarta-barat.html,"Posted Date: April 18, 2024"
"Anugerah selaras globalindo","Staff Administrasi","Jakarta Barat",Negosiasi,"Junior / Entry Level",Diploma/D1/D2/D3,"SMA / SMK / STM",https://www.loker.id/administrasi/staf-admin/staff-administrasi-anugerah-selaras-globalindo-jakarta-barat.html,"Posted Date: April 17, 2024"
"PT. HULO BATU MUSIK","Content Creator","Jakarta Barat","Rp.1 - 2 Juta","Junior / Entry Level","SMA / SMK / STM",Magang,https://www.loker.id/pemasaran/pemasaran-digital/content-creator-pt-hulo-batu-musik-jakarta-barat.html,"Posted Date: April 17, 2024"
"PT ELUX TECHNOLOGY INTERNATIONAL",Sales,"Jakarta Utara","Rp.5 – 6 Juta","Junior / Entry Level",Diploma/D1/D2/D3,"SMA / SMK / STM",https://www.loker.id/ritel/asisten-ritel/sales-pt-elux-technology-international-jakarta-utara.html,"Posted Date: April 17, 2024"
"OMG Pasta","Cook Helper/Chef Assistant","Jakarta Pusat","Rp.2 – 3 Juta","Junior / Entry Level",Diploma/D1/D2/D3,"SMA / SMK / STM",https://www.loker.id/restaurant/koki/cook-helper-chef-assistant-omg-pasta-jakarta-pusat.html,"Posted Date: April 17, 2024"
"Tite Gift","Operator Mesin Cetak","Jakarta Utara",Negosiasi,"Junior / Entry Level","SMA / SMK / STM","Purna Waktu / Full Time",https://www.loker.id/pabrik-dan-manufaktur/operator-mesin/operator-mesin-cetak-tite-gift-jakarta-utara.html,"Posted Date: April 17, 2024"
"PT DIAMOND MACHINERY INDONESIA","Staff Pemasaran (Marketing)","Jakarta Barat","Rp.10 – 12 Juta","Junior / Entry Level",Diploma/D1/D2/D3,"Sarjana / S1",https://www.loker.id/pemasaran/brand-marketing/staff-pemasaran-marketing-pt-diamond-machinery-indonesia-jakarta-barat.html,"Posted Date: April 16, 2024"
JASANET,"Sales Admin","Jakarta Pusat",Negosiasi,"Junior / Entry Level",Diploma/D1/D2/D3,"SMA / SMK / STM",https://www.loker.id/administrasi/administrasi-penjualan/sales-admin-jasanet-jakarta-pusat.html,"Posted Date: April 16, 2024"
"PT. SWARNA BAKTI SOLUSINDO","Staff Drafter Engineering","Jakarta Barat","Rp.4 – 5 Juta","Junior / Entry Level",Diploma/D1/D2/D3,"Sarjana / S1",https://www.loker.id/teknik/drafter-teknik/staff-drafter-engineering-pt-swarna-bakti-solusindo-jakarta-barat.html,"Posted Date: April 15, 2024"
"Widjaja Sukses Karya","Staff Pemulasaraan","Jakarta Barat",Negosiasi,"Junior / Entry Level","SMA / SMK / STM",Kontrak,https://www.loker.id/pekerjaan-umum/staff-pemulasaraan-widjaja-sukses-karya-jakarta-barat.html,"Updated:  April 26, 2024"
"CV. Jaya Komputer Data Recovery Harddisk","Staff Admin","Jakarta Barat","Rp.3 – 4 Juta","Junior / Entry Level",Diploma/D1/D2/D3,"Sarjana / S1",https://www.loker.id/penjualan/e-commerce/staff-admin-cv-jaya-komputer-data-recovery-harddisk-jakarta-barat.html,"Posted Date: April 15, 2024"
"PT SAPUTRA SARAN UTAMA","Staff Pajak","Jakarta Timur","Rp.3 – 4 Juta","Junior / Entry Level",Diploma/D1/D2/D3,"Sarjana / S1",https://www.loker.id/akuntansi-keuangan/perpajakan/staff-pajak-pt-saputra-saran-utama-jakarta-timur.html,"Posted Date: April 15, 2024"
"PT. SWARNA BAKTI SOLUSINDO","Staff Administration","Jakarta Barat","Rp.4 – 5 Juta","Junior / Entry Level",Diploma/D1/D2/D3,"Sarjana / S1",https://www.loker.id/akuntansi-keuangan/akuntansi-finansial/staff-administration-pt-swarna-bakti-solusindo-jakarta-barat.html,"Posted Date: April 15, 2024"
KindKain,"Staff Packing Online Shop","Jakarta Utara","Rp.2 – 3 Juta","Junior / Entry Level","SMA / SMK / STM","Purna Waktu / Full Time",https://www.loker.id/transportation-logistics/packing/staff-packing-online-shop-kindkain-jakarta-utara.html,"Posted Date: April 15, 2024"
"PT Citra Tri Kencana","Staff Accounting","Jakarta Barat",Negosiasi,"Junior / Entry Level",Diploma/D1/D2/D3,"Sarjana / S1",https://www.loker.id/akuntansi-keuangan/akuntansi-finansial/staff-accounting-pt-citra-tri-kencana-jakarta-barat.html,"Posted Date: April 6, 2024"
"PT Citra Tri Kencana","Multimedia Staff","Jakarta Barat",Negosiasi,"Junior / Entry Level",Diploma/D1/D2/D3,"SMA / SMK / STM",https://www.loker.id/pemasaran/pemasaran-digital/multimedia-staff-pt-citra-tri-kencana-jakarta-barat.html,"Posted Date: April 6, 2024"
"PT Citra Tri Kencana","Staff Administrasi","Jakarta Barat",Negosiasi,"Junior / Entry Level",Diploma/D1/D2/D3,"Sarjana / S1",https://www.loker.id/administrasi/staf-admin/staff-administrasi-pt-citra-tri-kencana-jakarta-barat.html,"Posted Date: April 6, 2024"
"PT. ALDRIVIA CAHAYA SEJAHTERA","Staff Packing","Jakarta Utara","Rp.3 – 4 Juta","Junior / Entry Level","SMA / SMK / STM",Kontrak,https://www.loker.id/transportation-logistics/packing/staff-packing-pt-aldrivia-cahaya-sejahtera-jakarta-utara.html,"Posted Date: April 5, 2024"
"PT DIAMOND MACHINERY INDONESIA","Staff Accounting","Jakarta Barat","Rp.10 – 12 Juta","Junior / Entry Level",Diploma/D1/D2/D3,"Sarjana / S1",https://www.loker.id/akuntansi-keuangan/akuntansi-finansial/staff-accounting-pt-diamond-machinery-indonesia-jakarta-barat.html,"Posted Date: April 4, 2024"
Megatricon,"Staf Admin E-Commerce","Jakarta Utara","Rp.3 – 4 Juta","Junior / Entry Level",Diploma/D1/D2/D3,"SMA / SMK / STM",https://www.loker.id/penjualan/e-commerce/staf-admin-e-commerce-megatricon-jakarta-utara.html,"Updated:  April 26, 2024"
"Magic English Inc.","Office Girl","Jakarta Utara",Negosiasi,"Junior / Entry Level","SMA / SMK / STM","Purna Waktu / Full Time",https://www.loker.id/pekerjaan-umum/office-boy-girl/office-girl-magic-english-inc-jakarta-utara.html,"Updated:  April 5, 2024"
"PT. Mega Power Indonesia","Staff Gudang / Warehouse","Jakarta Selatan","Rp.5 – 6 Juta","Junior / Entry Level",Diploma/D1/D2/D3,"SMA / SMK / STM",https://www.loker.id/transportation-logistics/warehouse/staff-gudang-warehouse-pt-mega-power-indonesia-jakarta-selatan.html,"Posted Date: April 3, 2024"
"PT. GRAFINDO ARTAPERSADA",Supir,"Jakarta Utara","Rp.3 – 4 Juta","Junior / Entry Level","SMA / SMK / STM","Purna Waktu / Full Time",https://www.loker.id/transportation-logistics/driver/supir-pt-grafindo-artapersada-jakarta-utara.html,"Posted Date: April 3, 2024"
"Agnes Budhisurya","Staff Administrasi","Jakarta Selatan","Rp.1 - 2 Juta","Junior / Entry Level",Diploma/D1/D2/D3,"SMA / SMK / STM",https://www.loker.id/administrasi/staf-admin/staff-administrasi-agnes-budhisurya-jakarta-selatan.html,"Updated:  April 24, 2024"
"Yoji technology indonesia","Content Creator","Jakarta Pusat",Negosiasi,"Junior / Entry Level",Diploma/D1/D2/D3,"Sarjana / S1",https://www.loker.id/pemasaran/pemasaran-digital/content-creator-yoji-technology-indonesia-jakarta-pusat.html,"Posted Date: April 2, 2024"
"PT PIDOLI MANDAILING TRAVEL","Staf Marketing","Jakarta Timur",Negosiasi,"Junior / Entry Level",Diploma/D1/D2/D3,"Sarjana / S1",https://www.loker.id/pemasaran/brand-marketing/staf-marketing-pt-pidoli-mandailing-travel-jakarta-timur-2.html,"Posted Date: April 2, 2024"
"PT MULTIDAYA MEDIKA","Staff Accounting","Jakarta Pusat","Rp.3 – 4 Juta","Junior / Entry Level",Diploma/D1/D2/D3,"Sarjana / S1",https://www.loker.id/akuntansi-keuangan/akuntansi-finansial/staff-accounting-pt-multidaya-medika-jakarta-pusat-2.html,"Posted Date: April 2, 2024"
"PT. Goldbert Kreasi Global","Store Crew / Staff Toko","Jakarta Pusat","Rp.2 – 3 Juta","Junior / Entry Level","SMA / SMK / STM",Kontrak,https://www.loker.id/ritel/asisten-ritel/store-crew-staff-toko-pt-goldbert-kreasi-global-jakarta-pusat.html,"Posted Date: April 1, 2024"
"PT. Goldbert Kreasi Global","Store Crew","Jakarta Barat","Rp.2 – 3 Juta","Junior / Entry Level","SMA / SMK / STM",Kontrak,https://www.loker.id/ritel/asisten-ritel/store-crew-pt-goldbert-kreasi-global-jakarta-barat.html,"Posted Date: April 1, 2024"
"PT. AKS TOOLS","Staff Accounting","Jakarta Utara","Rp.5 – 6 Juta","Junior / Entry Level",Diploma/D1/D2/D3,"Sarjana / S1",https://www.loker.id/akuntansi-keuangan/akuntansi-finansial/staff-accounting-pt-aks-tools-jakarta-utara.html,"Posted Date: Maret 28, 2024"
"PT CHANDRA ANUGRAH GEMILANG","Staff Administrasi Kantor","Jakarta Utara",Negosiasi,"Junior / Entry Level","SMA / SMK / STM","Purna Waktu / Full Time",https://www.loker.id/administrasi/staf-admin/staff-administrasi-kantor-pt-chandra-anugrah-gemilang-jakarta-utara.html,"Posted Date: Maret 23, 2024"
"PT. Citra Indojaya Perkasa","Staff HR Admin","Jakarta Utara","Rp.4 – 5 Juta","Junior / Entry Level",Diploma/D1/D2/D3,"Sarjana / S1",https://www.loker.id/human-resources/staf-hrd/staff-hr-admin-pt-citra-indojaya-perkasa-jakarta-utara.html,"Updated:  April 18, 2024"
fomu,"Sales Marketing","Jakarta Barat","Rp.10 – 12 Juta","Junior / Entry Level",Diploma/D1/D2/D3,"SMA / SMK / STM",https://www.loker.id/pemasaran/komunikasi-pemasaran/sales-marketing-fomu-jakarta-barat.html,"Updated:  April 18, 2024"
"Inti Sentosa Bersama","Staff Admin Kantor","Jakarta Pusat","Rp.3 – 4 Juta","Junior / Entry Level",Diploma/D1/D2/D3,"Sarjana / S1",https://www.loker.id/administrasi/staf-admin/staff-admin-kantor-inti-sentosa-bersama-jakarta-pusat.html,"Posted Date: Maret 21, 2024"
"PT. SURYA KREASI PRATAMA","Sales Marketing","Jakarta Barat","Rp.3 – 4 Juta","Junior / Entry Level",Diploma/D1/D2/D3,"SMA / SMK / STM",https://www.loker.id/ritel/asisten-ritel/sales-marketing-pt-surya-kreasi-pratama-jakarta-barat.html,"Posted Date: Maret 21, 2024"
"TOKO ABDULLAH MUSTAFA CENTRE","Staff Multimedia","Jakarta Pusat","Rp.3 – 4 Juta","Junior / Entry Level",Diploma/D1/D2/D3,"Sarjana / S1",https://www.loker.id/desain-arsitektur/grafis/staff-multimedia-toko-abdullah-mustafa-centre-jakarta-pusat.html,"Posted Date: Maret 21, 2024"
"PT. TOMYPAK MAKMUR","Maintenance Staff","Jakarta Barat","Rp.6 – 7 Juta","Junior / Entry Level",Diploma/D1/D2/D3,"Sarjana / S1",https://www.loker.id/teknik/hvac/maintenance-staff-pt-tomypak-makmur-jakarta-barat.html,"Posted Date: Maret 19, 2024"
"RIFFY GROUP","Staff Social Media","Jakarta Timur","Rp.3 – 4 Juta","Junior / Entry Level",Diploma/D1/D2/D3,"Sarjana / S1",https://www.loker.id/pemasaran/pemasaran-digital/staff-social-media-riffy-group-jakarta-timur.html,"Updated:  Maret 26, 2024"
"PT. PAMACO BINAR SANTOSA","Staff Sales","Jakarta Pusat","Rp.3 – 4 Juta","Junior / Entry Level",Diploma/D1/D2/D3,"Sarjana / S1",https://www.loker.id/penjualan/akun-dan-relasi/staff-sales-pt-pamaco-binar-santosa-jakarta-pusat.html,"Posted Date: Maret 18, 2024"
"Confidential Company","Accounting Staff","Jakarta Barat",Negosiasi,"Junior / Entry Level",Diploma/D1/D2/D3,"Sarjana / S1",https://www.loker.id/akuntansi-keuangan/akuntansi-finansial/accounting-staff-confidential-company-jakarta-barat-2.html,"Posted Date: Maret 15, 2024"
"PT. Genpower Total Energi","Staff Admin","Jakarta Selatan",Negosiasi,"Junior / Entry Level",Diploma/D1/D2/D3,"Sarjana / S1",https://www.loker.id/administrasi/staf-admin/staff-admin-pt-genpower-total-energi-jakarta-selatan.html,"Posted Date: Maret 14, 2024"
"PT INDOMOBIL TRADA NASIONAL CBG JAKARTA UTARA","Sales Marketing","Jakarta Utara","Rp.4 – 5 Juta","Junior / Entry Level",Diploma/D1/D2/D3,"SMA / SMK / STM",https://www.loker.id/pemasaran/komunikasi-pemasaran/sales-marketing-pt-indomobil-trada-nasional-cbg-jakarta-utara-jakarta-utara.html,"Posted Date: Maret 13, 2024"
"PT SAWU INDONESIA","Staff Resi Gudang","Jakarta Selatan",Negosiasi,"Junior / Entry Level",Diploma/D1/D2/D3,"SMA / SMK / STM",https://www.loker.id/transportation-logistics/warehouse/staff-resi-gudang-pt-sawu-indonesia-jakarta-selatan.html,"Posted Date: Maret 13, 2024"
"PT. Sulammas Perkasa","Staff Administrasi","Jakarta Barat",Negosiasi,"Junior / Entry Level","SMA / SMK / STM","Purna Waktu / Full Time",https://www.loker.id/administrasi/staf-admin/staff-administrasi-pt-sulammas-perkasa-jakarta-barat-2.html,"Posted Date: Maret 12, 2024"
"PT. MACHARA KONSTRUKSITAMA","Pelaksana Sipil","Jakarta Selatan",Negosiasi,"Junior / Entry Level",Diploma/D1/D2/D3,"Sarjana / S1",https://www.loker.id/konstruksi-dan-bangunan/site-supervisor/pelaksana-sipil-pt-machara-konstruksitama-jakarta-selatan.html,"Posted Date: Maret 7, 2024"
"HJ Collection","Admin Online Shop","Jakarta Timur",Negosiasi,"Junior / Entry Level",Diploma/D1/D2/D3,"SMA / SMK / STM",https://www.loker.id/penjualan/e-commerce/admin-online-shop-hj-collection-jakarta-timur-2.html,"Updated:  Maret 29, 2024"
"PT Furindo Sakti Sejahtera","Quality Control Staff","Jakarta Barat","Rp.6 – 7 Juta","Junior / Entry Level",Diploma/D1/D2/D3,"SMA / SMK / STM",https://www.loker.id/pabrik-dan-manufaktur/quality-control-pabrik-dan-manufaktur/quality-control-staff-pt-furindo-sakti-sejahtera-jakarta-barat.html,"Posted Date: Maret 5, 2024"
"PT. DOLPHIN MEGATAMA","Pengurusan Data Entry Document Exim","Jakarta Barat","Rp.3 – 4 Juta","Junior / Entry Level","SMA / SMK / STM","Purna Waktu / Full Time",https://www.loker.id/transportation-logistics/kurir/pengurusan-data-entry-document-exim-pt-dolphin-megatama-jakarta-barat.html,"Posted Date: Maret 4, 2024"
"PT. PERSADA ASRI MANDIRI","Digital Marketing","Jakarta Barat",Negosiasi,"Junior / Entry Level",Diploma/D1/D2/D3,"Sarjana / S1",https://www.loker.id/pemasaran/pemasaran-digital/digital-marketing-pt-persada-asri-mandiri-jakarta-barat.html,"Updated:  April 17, 2024"
"PT Permata Selaras Karya Mandiri","Perangkai Bunga","Jakarta Selatan","Rp.4 – 5 Juta","Junior / Entry Level","SMA / SMK / STM","Purna Waktu / Full Time",https://www.loker.id/pekerjaan-umum/florist/perangkai-bunga-pt-permata-selaras-karya-mandiri-jakarta-selatan.html,"Posted Date: Maret 2, 2024"
"PT SUN LOGISTICS","Finance Staff","Jakarta Utara","Rp.4 – 5 Juta","Junior / Entry Level",Diploma/D1/D2/D3,"Sarjana / S1",https://www.loker.id/akuntansi-keuangan/akuntansi-finansial/finance-staff-pt-sun-logistics-jakarta-utara-2.html,"Posted Date: Maret 2, 2024"
"LACH AND MARGOT","Staff Gudang","Jakarta Utara","Rp.3 – 4 Juta","Junior / Entry Level","SMA / SMK / STM","Purna Waktu / Full Time",https://www.loker.id/transportation-logistics/warehouse/staff-gudang-lach-and-margot-jakarta-utara.html,"Posted Date: Maret 1, 2024"
"PT. SURYA KREASI PRATAMA","Staff Finance","Jakarta Barat","Rp.3 – 4 Juta","Junior / Entry Level",Diploma/D1/D2/D3,"Sarjana / S1",https://www.loker.id/akuntansi-keuangan/akuntansi-finansial/staff-finance-pt-surya-kreasi-pratama-jakarta-barat.html,"Posted Date: Maret 1, 2024"
"BROOASTER CHICKEN","Staff Maintenance","Jakarta Utara",Negosiasi,"Junior / Entry Level",Diploma/D1/D2/D3,"SMA / SMK / STM",https://www.loker.id/teknik/elektro/staff-maintenance-brooaster-chicken-jakarta-utara.html,"Posted Date: Februari 29, 2024"
"NICOLE PACK","Admin Gudang DO","Jakarta Barat","Rp.3 – 4 Juta","Junior / Entry Level",Diploma/D1/D2/D3,"SMA / SMK / STM",https://www.loker.id/administrasi/staf-admin/admin-gudang-do-nicole-pack-jakarta-barat.html,"Posted Date: Februari 29, 2024"
"NICOLE PACK","Admin Gudang WIP","Jakarta Barat","Rp.3 – 4 Juta","Junior / Entry Level",Diploma/D1/D2/D3,"SMA / SMK / STM",https://www.loker.id/transportation-logistics/warehouse/admin-gudang-wip-nicole-pack-jakarta-barat.html,"Posted Date: Februari 29, 2024"
"PT. GRAFINDO ARTAPERSADA","Staff Gudang","Jakarta Utara","Rp.3 – 4 Juta","Junior / Entry Level","SMA / SMK / STM","Purna Waktu / Full Time",https://www.loker.id/transportation-logistics/warehouse/staff-gudang-pt-grafindo-artapersada-jakarta-utara.html,"Posted Date: Februari 28, 2024"
"PT JAYA NIAGA SEJAHTERA","Staff Stock Opname","Jakarta Barat","Rp.3 – 4 Juta","Junior / Entry Level",Diploma/D1/D2/D3,"SMA / SMK / STM",https://www.loker.id/transportation-logistics/warehouse/staff-stock-opname-pt-jaya-niaga-sejahtera-jakarta-barat.html,"Posted Date: Februari 26, 2024"
"Serdang Airbag Solution",Sales,"Jakarta Utara","Rp.3 – 4 Juta","Junior / Entry Level",Diploma/D1/D2/D3,"Sarjana / S1",https://www.loker.id/penjualan/konsultan-penjualan/sales-serdang-airbag-solution-jakarta-utara.html,"Posted Date: Februari 23, 2024"
"PT Dwijayatek Adigemilang","Staff Admin","Jakarta Utara",Negosiasi,"Junior / Entry Level",Diploma/D1/D2/D3,"SMA / SMK / STM",https://www.loker.id/administrasi/staf-admin/staff-admin-pt-dwijayatek-adigemilang-jakarta-utara.html,"Posted Date: Februari 23, 2024"
"PT Dwijayatek Adigemilang","Staff Accounting","Jakarta Utara",Negosiasi,"Junior / Entry Level",Diploma/D1/D2/D3,"Sarjana / S1",https://www.loker.id/akuntansi-keuangan/akuntansi-finansial/staff-accounting-pt-dwijayatek-adigemilang-jakarta-utara.html,"Updated:  Maret 19, 2024"
"Sinar Mentari Diesel","Admin Operasional","Jakarta Barat","Rp.3 – 4 Juta","Junior / Entry Level",Diploma/D1/D2/D3,"SMA / SMK / STM",https://www.loker.id/telemarketing-telesales/admin-operasional-sinar-mentari-diesel-jakarta-barat.html,"Updated:  Maret 21, 2024"
"PT. Sinar Karya Rakindo","Staff Packing","Jakarta Utara","Rp.3 – 4 Juta","Junior / Entry Level","SMA / SMK / STM",Kontrak,https://www.loker.id/transportation-logistics/packing/staff-packing-pt-sinar-karya-rakindo-jakarta-utara.html,"Posted Date: Februari 22, 2024"
"Sinar Mentari Diesel","Supir Pengiriman","Jakarta Barat","Rp.3 – 4 Juta","Junior / Entry Level","SMA / SMK / STM","Purna Waktu / Full Time",https://www.loker.id/transportation-logistics/driver/supir-pengiriman-sinar-mentari-diesel-jakarta-barat.html,"Posted Date: Februari 22, 2024"
"Sinar Mentari Diesel","Staff Gudang","Jakarta Barat","Rp.3 – 4 Juta","Junior / Entry Level","SMA / SMK / STM","Purna Waktu / Full Time",https://www.loker.id/transportation-logistics/warehouse/staff-gudang-sinar-mentari-diesel-jakarta-barat-2.html,"Posted Date: Februari 22, 2024"
"PT. LAJU KARYA SAHABAT","Staff Accounting Tax","Jakarta Utara","Rp.3 – 4 Juta","Junior / Entry Level",Diploma/D1/D2/D3,"Sarjana / S1",https://www.loker.id/akuntansi-keuangan/perpajakan/staff-accounting-tax-pt-laju-karya-sahabat-jakarta-utara.html,"Posted Date: Februari 20, 2024"
1000pelangi,"Junior Staff Keuangan","Jakarta Pusat",Negosiasi,"Junior / Entry Level","SMA / SMK / STM","Purna Waktu / Full Time",https://www.loker.id/akuntansi-keuangan/akuntansi-finansial/junior-staff-keuangan-1000pelangi-jakarta-pusat.html,"Updated:  Februari 27, 2024"
"PT Dwijayatek Adigemilang",Marketing,"Jakarta Utara",Negosiasi,"Junior / Entry Level",Diploma/D1/D2/D3,"SMA / SMK / STM",https://www.loker.id/pemasaran/komunikasi-pemasaran/marketing-pt-dwijayatek-adigemilang-jakarta-utara.html,"Updated:  Februari 23, 2024"
Rajabingkai,"Staff Admin","Jakarta Utara","Rp.3 – 4 Juta","Junior / Entry Level",Diploma/D1/D2/D3,"SMA / SMK / STM",https://www.loker.id/administrasi/administrasi-penjualan/staff-admin-rajabingkai-jakarta-utara-3.html,"Posted Date: Februari 19, 2024"
"PT GARUDA LOGISTICS","Staff Akunting Keuangan","Jakarta Barat",Negosiasi,"Junior / Entry Level",Diploma/D1/D2/D3,"Sarjana / S1",https://www.loker.id/akuntansi-keuangan/akuntansi-finansial/staff-akunting-keuangan-pt-garuda-logistics-jakarta-barat.html,"Posted Date: Februari 19, 2024"
"PT DUNIA INDAH MAKMUR","Staff Accounting","Jakarta Pusat","Rp.3 – 4 Juta","Junior / Entry Level",Diploma/D1/D2/D3,"Sarjana / S1",https://www.loker.id/akuntansi-keuangan/akuntansi-finansial/staff-accounting-pt-dunia-indah-makmur-jakarta-pusat.html,"Posted Date: Februari 19, 2024"
"PT. Sahih arta Logistik","Admin Finance","Jakarta Timur","Rp.3 – 4 Juta","Junior / Entry Level",Diploma/D1/D2/D3,"Sarjana / S1",https://www.loker.id/akuntansi-keuangan/akuntansi-finansial/admin-finance-pt-sahih-arta-logistik-jakarta-timur.html,"Updated:  Maret 13, 2024"
"PT Cahaya Abadi sedjahtera",Administrasi,"Jakarta Timur",Negosiasi,"Junior / Entry Level",Diploma/D1/D2/D3,"Sarjana / S1",https://www.loker.id/administrasi/staf-admin/administrasi-pt-cahaya-abadi-sedjahtera-jakarta-timur.html,"Updated:  Maret 2, 2024"
"PT.Digital Solid Technology","Staff Gudang","Jakarta Utara",Negosiasi,"Junior / Entry Level","SMA / SMK / STM",Kontrak,https://www.loker.id/transportation-logistics/warehouse/staff-gudang-pt-digital-solid-technology-jakarta-utara.html,"Posted Date: Februari 13, 2024"
"PT. TALENTAMAS JAYA MAKMUR SENTOSA","Staff Pajak","Jakarta Utara",Negosiasi,"Junior / Entry Level",Diploma/D1/D2/D3,"Sarjana / S1",https://www.loker.id/akuntansi-keuangan/perpajakan/staff-pajak-pt-talentamas-jaya-makmur-sentosa-jakarta-utara.html,"Posted Date: Februari 12, 2024"
"PT Dhaulagiri Indo Raya","Warehouse Staff","Jakarta Utara","Rp.3 – 4 Juta","Junior / Entry Level","SMA / SMK / STM","Purna Waktu / Full Time",https://www.loker.id/transportation-logistics/warehouse/warehouse-staff-pt-dhaulagiri-indo-raya-jakarta-utara.html,"Posted Date: Februari 12, 2024"
"FX Aluminium","Staff Gudang","Jakarta Timur","Rp.3 – 4 Juta","Junior / Entry Level","SMA / SMK / STM","Purna Waktu / Full Time",https://www.loker.id/transportation-logistics/warehouse/staff-gudang-fx-aluminium-jakarta-timur-2.html,"Posted Date: Februari 6, 2024"
"PT BERLIAN ESTETIKA SUKSES",Security,"Jakarta Utara","Rp.6 – 7 Juta","Supervisor / Coordinator","SMA / SMK / STM","Purna Waktu / Full Time",https://www.loker.id/pekerjaan-umum/satpam-security/security-pt-berlian-estetika-sukses-jakarta-utara.html,"Posted Date: Januari 31, 2024"
"PT. Interni Asia Group","Staff Accounting","Jakarta Selatan",Negosiasi,"Junior / Entry Level",Diploma/D1/D2/D3,"Sarjana / S1",https://www.loker.id/akuntansi-keuangan/akuntansi-finansial/staff-accounting-pt-interni-asia-group-jakarta-selatan.html,"Posted Date: Januari 30, 2024"
"PT Tumbuh Sehat Makmur","Captain Karaoke/Bar","Jakarta Utara",Negosiasi,"Supervisor / Coordinator",Diploma/D1/D2/D3,"Sarjana / S1",https://www.loker.id/restaurant/manajemen/captain-karaoke-bar-pt-tumbuh-sehat-makmur-jakarta-utara.html,"Posted Date: Januari 25, 2024"
"Kairos Digital Printing","Desk Print Staff","Jakarta Barat",Negosiasi,"Junior / Entry Level","SMA / SMK / STM","Purna Waktu / Full Time",https://www.loker.id/desain-arsitektur/grafis/desk-print-staff-kairos-digital-printing-jakarta-barat-2.html,"Posted Date: Januari 25, 2024"
"Foek Lam Group","Administrasi Finance","Jakarta Utara","Rp.3 – 4 Juta","Junior / Entry Level",Diploma/D1/D2/D3,"SMA / SMK / STM",https://www.loker.id/akuntansi-keuangan/akuntansi-finansial/administrasi-finance-foek-lam-group-jakarta-utara.html,"Posted Date: Januari 24, 2024"
"Kairos Digital Printing","Staff Desain Grafis","Jakarta Barat",Negosiasi,"Junior / Entry Level",Diploma/D1/D2/D3,"Sarjana / S1",https://www.loker.id/desain-arsitektur/grafis/staff-desain-grafis-kairos-digital-printing-jakarta-barat.html,"Updated:  Maret 2, 2024"
"NICOLE PACK","Staff Accounting","Jakarta Barat","Rp.4 – 5 Juta","Junior / Entry Level",Diploma/D1/D2/D3,"Sarjana / S1",https://www.loker.id/akuntansi-keuangan/akuntansi-finansial/staff-accounting-nicole-pack-jakarta-barat.html,"Posted Date: Januari 19, 2024"
fomu,"Operator Produksi","Jakarta Barat","Rp.3 – 4 Juta","Junior / Entry Level","SMA / SMK / STM","Purna Waktu / Full Time",https://www.loker.id/pabrik-dan-manufaktur/operator-mesin/operator-produksi-fomu-jakarta-barat.html,"Posted Date: Januari 18, 2024"
"LACH AND MARGOT","Staff Office Girl","Jakarta Utara","Rp.3 – 4 Juta","Junior / Entry Level","SMA / SMK / STM","Purna Waktu / Full Time",https://www.loker.id/pekerjaan-umum/office-boy-girl/staff-office-girl-lach-and-margot-jakarta-utara.html,"Posted Date: Januari 18, 2024"
"PT. SWADHARMA PROPERTINDO JAKARTA","Driver Operasional","Jakarta Selatan","Rp.3 – 4 Juta","Junior / Entry Level","SMA / SMK / STM",Kontrak,https://www.loker.id/transportation-logistics/driver/driver-operasional-pt-swadharma-propertindo-jakarta-jakarta-selatan.html,"Posted Date: Januari 17, 2024"
Aleka.id,"Warehouse Staff","Jakarta Selatan","Rp.3 – 4 Juta","Junior / Entry Level","SMA / SMK / STM","Purna Waktu / Full Time",https://www.loker.id/transportation-logistics/warehouse/warehouse-staff-aleka-id-jakarta-selatan.html,"Posted Date: Januari 17, 2024"
"PT SUN LOGISTICS","EXIM Staff","Jakarta Utara","Rp.3 – 4 Juta","Junior / Entry Level",Diploma/D1/D2/D3,"Sarjana / S1",https://www.loker.id/transportation-logistics/ekspor-impor/exim-staff-pt-sun-logistics-jakarta-utara-2.html,"Posted Date: Januari 17, 2024"
"PT. Rizki Prima Sakti","Staff Admin Project","Jakarta Barat",Negosiasi,"Junior / Entry Level",Diploma/D1/D2/D3,"Sarjana / S1",https://www.loker.id/administrasi/staf-admin/staff-admin-project-pt-rizki-prima-sakti-jakarta-barat.html,"Updated:  Maret 9, 2024"
"PT Tumbuh Sehat Makmur","Staff Bar","DKI Jakarta",Negosiasi,"Junior / Entry Level",Diploma/D1/D2/D3,"SMA / SMK / STM",https://www.loker.id/restaurant/bartender/staff-bar-pt-tumbuh-sehat-makmur-dki-jakarta.html,"Posted Date: Januari 11, 2024"
fomu,"Body Repair Finishing","Jakarta Barat",Negosiasi,"Junior / Entry Level","SMA / SMK / STM","Purna Waktu / Full Time",https://www.loker.id/automotive/body-repair/body-repair-finishing-fomu-jakarta-barat.html,"Posted Date: Januari 11, 2024"
"PT CHANDRA ANUGRAH GEMILANG","Staff Operasional Gudang (Staff Inbound)","Jakarta Utara","Rp.2 – 3 Juta","Junior / Entry Level","SMA / SMK / STM","Purna Waktu / Full Time",https://www.loker.id/transportation-logistics/warehouse/staff-operasional-gudang-staff-inbound-pt-chandra-anugrah-gemilang-jakarta-utara.html,"Updated:  April 7, 2024"
"PT. RAJAWALI LINTAS SAMUDERA","Krani / Tallyman","Jakarta Utara",Negosiasi,"Junior / Entry Level","SMA / SMK / STM","Purna Waktu / Full Time",https://www.loker.id/transportation-logistics/krani-tallyman-pt-rajawali-lintas-samudera-jakarta-utara-2.html,"Updated:  Januari 11, 2024"
"LACH AND MARGOT","Sales Admin","Jakarta Utara","Rp.3 – 4 Juta","Junior / Entry Level",Diploma/D1/D2/D3,"Sarjana / S1",https://www.loker.id/penjualan/e-commerce/sales-admin-lach-and-margot-jakarta-utara-2.html,"Posted Date: Januari 10, 2024"
"MBC Group","Admin Staff","Jakarta Barat","Rp.3 – 4 Juta","Junior / Entry Level",Diploma/D1/D2/D3,"SMA / SMK / STM",https://www.loker.id/administrasi/staf-admin/admin-staff-mbc-group-jakarta-barat.html,"Updated:  Februari 28, 2024"
"PT. SURYA KREASI PRATAMA","Graphic Designer","Jakarta Barat","Rp.3 – 4 Juta","Junior / Entry Level",Diploma/D1/D2/D3,"Sarjana / S1",https://www.loker.id/desain-arsitektur/grafis/graphic-designer-pt-surya-kreasi-pratama-jakarta-barat.html,"Posted Date: Januari 5, 2024"
"PT. SURYA KREASI PRATAMA","Sales Marketplace","Jakarta Barat","Rp.3 – 4 Juta","Junior / Entry Level",Diploma/D1/D2/D3,"SMA / SMK / STM",https://www.loker.id/penjualan/e-commerce/sales-marketplace-pt-surya-kreasi-pratama-jakarta-barat.html,"Posted Date: Januari 5, 2024"
"PT. BATTEN INDO ASIA","Admin Staff","Jakarta Barat",Negosiasi,"Junior / Entry Level",Diploma/D1/D2/D3,"SMA / SMK / STM",https://www.loker.id/administrasi/staf-admin/admin-staff-pt-batten-indo-asia-jakarta-barat.html,"Posted Date: Januari 4, 2024"
"PT. PALMERAH MOTORINDO","Administrasi Staff","Jakarta Barat","Rp.3 – 4 Juta","Junior / Entry Level",Diploma/D1/D2/D3,"SMA / SMK / STM",https://www.loker.id/administrasi/staf-admin/administrasi-staff-pt-palmerah-motorindo-jakarta-barat.html,"Posted Date: Januari 4, 2024"
Alufur,"Staff Estimator","Jakarta Utara","Rp.3 – 4 Juta","Junior / Entry Level",Diploma/D1/D2/D3,"Sarjana / S1",https://www.loker.id/konstruksi-dan-bangunan/estimator/staff-estimator-alufur-jakarta-utara.html,"Posted Date: Januari 4, 2024"
"PT. MIKEDA KEBUT TERUSSS (OPTIK MIKEDA)","Sales Promotion Girl/ Boy","Jakarta Timur","Rp.3 – 4 Juta","Junior / Entry Level",Diploma/D1/D2/D3,"SMA / SMK / STM",https://www.loker.id/ritel/asisten-ritel/sales-promotion-girl-boy-pt-mikeda-kebut-terusss-optik-mikeda-jakarta-timur.html,"Posted Date: Januari 2, 2024"
"PT. MIKEDA KEBUT TERUSSS (OPTIK MIKEDA)","Kasir (Cashier)","Jakarta Timur","Rp.3 – 4 Juta","Junior / Entry Level",Diploma/D1/D2/D3,"SMA / SMK / STM",https://www.loker.id/ritel/asisten-ritel/kasir-cashier-pt-mikeda-kebut-terusss-optik-mikeda-jakarta-timur.html,"Updated:  Januari 10, 2024"
"PT. Agung Mandiri sentosa","Admin Staff","Jakarta Utara",Negosiasi,"Junior / Entry Level",Diploma/D1/D2/D3,"Sarjana / S1",https://www.loker.id/administrasi/staf-admin/admin-staff-pt-agung-mandiri-sentosa-jakarta-utara.html,"Posted Date: Januari 2, 2024"
"PT. ERA BANGUNAN","Staff Purchasing","Jakarta Barat",Negosiasi,"Junior / Entry Level",Diploma/D1/D2/D3,"SMA / SMK / STM",https://www.loker.id/transportation-logistics/purchasing-pembelian/staff-purchasing-pt-era-bangunan-jakarta-barat.html,"Posted Date: Desember 29, 2023"
Ruangprint,"Staff CS Markom","Jakarta Barat","Rp.2 – 3 Juta","Junior / Entry Level","SMA / SMK / STM","Purna Waktu / Full Time",https://www.loker.id/pemasaran/komunikasi-pemasaran/staff-cs-markom-ruangprint-jakarta-barat.html,"Posted Date: Desember 29, 2023"
Ruangprint,"Cleaning Service","Jakarta Barat",Negosiasi,"Junior / Entry Level","SMA / SMK / STM","Purna Waktu / Full Time",https://www.loker.id/pekerjaan-umum/cleaning-service/cleaning-service-ruangprint-jakarta-barat.html,"Posted Date: Desember 29, 2023"
"PT. Takawa Multi Global","Staff Administrasi Keuangan","Jakarta Utara","Rp.4 – 5 Juta","Junior / Entry Level",Diploma/D1/D2/D3,"Sarjana / S1",https://www.loker.id/administrasi/staf-admin/staff-administrasi-keuangan-pt-takawa-multi-global-jakarta-utara.html,"Posted Date: Desember 21, 2023"
"MBC Group","Tax Accounting","Jakarta Barat","Rp.3 – 4 Juta","Junior / Entry Level",Diploma/D1/D2/D3,"Sarjana / S1",https://www.loker.id/akuntansi-keuangan/akuntansi-finansial/tax-accounting-mbc-group-jakarta-barat.html,"Updated:  Februari 28, 2024"
"PT SUN LOGISTICS","Finance Staff","Jakarta Utara","Rp.4 – 5 Juta","Junior / Entry Level",Diploma/D1/D2/D3,"Sarjana / S1",https://www.loker.id/akuntansi-keuangan/akuntansi-finansial/finance-staff-pt-sun-logistics-jakarta-utara.html,"Posted Date: Desember 19, 2023"
"PT SUN LOGISTICS","EXIM Staff","Jakarta Utara","Rp.3 – 4 Juta","Junior / Entry Level",Diploma/D1/D2/D3,"Sarjana / S1",https://www.loker.id/transportation-logistics/ekspor-impor/exim-staff-pt-sun-logistics-jakarta-utara.html,"Posted Date: Desember 19, 2023"
caoso.id,"Staff Accounting","Jakarta Barat","Rp.3 – 4 Juta","Junior / Entry Level",Diploma/D1/D2/D3,"Sarjana / S1",https://www.loker.id/akuntansi-keuangan/akuntansi-finansial/staff-accounting-caoso-id-jakarta-barat.html,"Updated:  Januari 22, 2024"
"PT. Zen Mitra Niaga","Staff Admin","Jakarta Barat","Rp.3 – 4 Juta","Junior / Entry Level",Diploma/D1/D2/D3,"SMA / SMK / STM",https://www.loker.id/administrasi/staf-admin/staff-admin-pt-zen-mitra-niaga-jakarta-barat-2.html,"Posted Date: Desember 12, 2023"
"Jakarta Surprise Planner","Content Creator Design","Jakarta Selatan","Rp.3 – 4 Juta","Junior / Entry Level",Diploma/D1/D2/D3,"Sarjana / S1",https://www.loker.id/pemasaran/pemasaran-digital/content-creator-design-jakarta-surprise-planner-jakarta-selatan.html,"Posted Date: Desember 8, 2023"
"Jakarta Surprise Planner","Staff Sales Marketing","Jakarta Selatan","Rp.3 – 4 Juta","Junior / Entry Level",Diploma/D1/D2/D3,"Sarjana / S1",https://www.loker.id/penjualan/akun-dan-relasi/staff-sales-marketing-jakarta-surprise-planner-jakarta-selatan.html,"Posted Date: Desember 8, 2023"
"Jakarta Surprise Planner","Staff Dekorasi","Jakarta Selatan","Rp.3 – 4 Juta","Junior / Entry Level",Diploma/D1/D2/D3,"Sarjana / S1",https://www.loker.id/pemasaran/komunikasi-pemasaran/staff-dekorasi-jakarta-surprise-planner-jakarta-selatan.html,"Posted Date: Desember 8, 2023"
"PT. GEBANG SURYA HARAPAN","Staff Administrasi","Jakarta Barat","Rp.3 – 4 Juta","Junior / Entry Level",Diploma/D1/D2/D3,"SMA / SMK / STM",https://www.loker.id/administrasi/staf-admin/staff-administrasi-pt-gebang-surya-harapan-jakarta-barat-2.html,"Updated:  Januari 8, 2024"
"PT Tumbuh Sehat Makmur","Front Office","Jakarta Utara",Negosiasi,"Junior / Entry Level",Diploma/D1/D2/D3,"SMA / SMK / STM",https://www.loker.id/customer-care/resepsionis/front-office-pt-tumbuh-sehat-makmur-jakarta-utara.html,"Posted Date: Desember 7, 2023"
Ruangprint,"Admin Staff","Jakarta Barat","Rp.3 – 4 Juta","Junior / Entry Level",Diploma/D1/D2/D3,"SMA / SMK / STM",https://www.loker.id/administrasi/staf-admin/admin-staff-ruangprint-jakarta-barat.html,"Updated:  Januari 22, 2024"
"PT Tumbuh Sehat Makmur","Engineering Sipil","Jakarta Utara",Negosiasi,"Junior / Entry Level",Diploma/D1/D2/D3,"Sarjana / S1",https://www.loker.id/teknik/sipil/engineering-sipil-pt-tumbuh-sehat-makmur-jakarta-utara.html,"Posted Date: Desember 6, 2023"
"Sukses Jaya Logistik",Mekanik,"Jakarta Utara","Rp.6 – 7 Juta","Junior / Entry Level",Diploma/D1/D2/D3,"Sarjana / S1",https://www.loker.id/automotive/mekanik/mekanik-sukses-jaya-logistik-jakarta-utara.html,"Posted Date: Desember 5, 2023"
"Sukses Jaya Logistik","Dispatcher Operasional Dump Truck","Jakarta Timur","Rp.6 – 7 Juta","Supervisor / Coordinator",Diploma/D1/D2/D3,"Sarjana / S1",https://www.loker.id/transportation-logistics/manajemen-logistik/dispatcher-operasional-dump-truck-sukses-jaya-logistik-jakarta-timur.html,"Updated:  Januari 8, 2024"
"PT INDO GUNA SEJAHTERA","Admin Staff","Jakarta Pusat",Negosiasi,"Junior / Entry Level",Diploma/D1/D2/D3,"Sarjana / S1",https://www.loker.id/administrasi/staf-admin/admin-staff-pt-indo-guna-sejahtera-jakarta-pusat.html,"Posted Date: November 30, 2023"
"Sukses Jaya Logistik","Sales Marketing","Jakarta Utara","Rp.6 – 7 Juta","Junior / Entry Level",Diploma/D1/D2/D3,"SMA / SMK / STM",https://www.loker.id/penjualan/sales-marketing-sukses-jaya-logistik-jakarta-utara.html,"Posted Date: November 28, 2023"
"PT MENTENG INDAH SANTOSA","Staff Administrasi Gudang","Jakarta Selatan",Negosiasi,"Junior / Entry Level",Diploma/D1/D2/D3,"Sarjana / S1",https://www.loker.id/transportation-logistics/warehouse/staff-administrasi-gudang-pt-menteng-indah-santosa-jakarta-selatan-2.html,"Posted Date: November 27, 2023"
"Rufere Design","Admin Finance","Jakarta Barat",Negosiasi,"Junior / Entry Level",Diploma/D1/D2/D3,"SMA / SMK / STM",https://www.loker.id/akuntansi-keuangan/akuntansi-finansial/admin-finance-rufere-design-jakarta-barat.html,"Posted Date: November 15, 2023"
"PT Tumbuh Sehat Makmur","Parking Staff","Jakarta Utara",Negosiasi,"Junior / Entry Level","SMA / SMK / STM",Kontrak,https://www.loker.id/pekerjaan-umum/pembantu/parking-staff-pt-tumbuh-sehat-makmur-jakarta-utara.html,"Posted Date: November 10, 2023"
"PT Tumbuh Sehat Makmur","Staff Dokumen Control","Jakarta Utara",Negosiasi,"Junior / Entry Level",Diploma/D1/D2/D3,"SMA / SMK / STM",https://www.loker.id/administrasi/staf-admin/staff-dokumen-control-pt-tumbuh-sehat-makmur-jakarta-utara.html,"Posted Date: November 8, 2023"
Alufur,"Teknisi Aluminium","Jakarta Utara","Rp.3 – 4 Juta","Junior / Entry Level",Diploma/D1/D2/D3,"SMA / SMK / STM",https://www.loker.id/desain-arsitektur/interior/teknisi-aluminium-alufur-jakarta-utara.html,"Updated:  Desember 1, 2023"
Alufur,"Pengawas Lapangan","Jakarta Utara","Rp.3 – 4 Juta","Junior / Entry Level",Diploma/D1/D2/D3,"Sarjana / S1",https://www.loker.id/konstruksi-dan-bangunan/site-supervisor/pengawas-lapangan-alufur-jakarta-utara.html,"Updated:  April 17, 2024"
"PT Tumbuh Sehat Makmur","Supervisor Restaurant & Bar","Jakarta Utara",Negosiasi,"Supervisor / Coordinator",Diploma/D1/D2/D3,"Sarjana / S1",https://www.loker.id/restaurant/manajemen/supervisor-restaurant-bar-pt-tumbuh-sehat-makmur-jakarta-utara-2.html,"Updated:  Desember 13, 2023"
"PT Tumbuh Sehat Makmur","Supervisor Engineering","Jakarta Utara",Negosiasi,"Supervisor / Coordinator",Diploma/D1/D2/D3,"Sarjana / S1",https://www.loker.id/teknik/elektro/supervisor-engineering-pt-tumbuh-sehat-makmur-jakarta-utara.html,"Posted Date: November 2, 2023"
"RIFFY GROUP","Staff Administrasi","Jakarta Timur","Rp.3 – 4 Juta","Junior / Entry Level","SMA / SMK / STM","Purna Waktu / Full Time",https://www.loker.id/administrasi/staf-admin/staff-administrasi-riffy-group-jakarta-timur.html,"Updated:  Maret 26, 2024"
"DIAN WAHANA DWM","Staff Warehouse","Jakarta Pusat","Rp.3 – 4 Juta","Junior / Entry Level","SMA / SMK / STM","Purna Waktu / Full Time",https://www.loker.id/transportation-logistics/warehouse/staff-warehouse-dian-wahana-dwm-jakarta-pusat.html,"Updated:  November 17, 2023"
"Gravitti Technology","Staff Admin Online Shop","Jakarta Utara",Negosiasi,"Junior / Entry Level",Diploma/D1/D2/D3,"SMA / SMK / STM",https://www.loker.id/penjualan/e-commerce/staff-admin-online-shop-gravitti-technology-jakarta-utara.html,"Posted Date: Oktober 19, 2023"
"Gravitti Technology","Personal Assistant","Jakarta Utara",Negosiasi,"Junior / Entry Level",Diploma/D1/D2/D3,"Sarjana / S1",https://www.loker.id/administrasi/asisten-pribadi/personal-assistant-gravitti-technology-jakarta-utara.html,"Updated:  November 13, 2023"
"SERBA ANTIK","Staff Data Entry Akunting","Jakarta Pusat","Rp.3 – 4 Juta","Junior / Entry Level",Diploma/D1/D2/D3,"SMA / SMK / STM",https://www.loker.id/administrasi/staf-admin/staff-data-entry-akunting-serba-antik-jakarta-pusat.html,"Posted Date: Oktober 13, 2023"
"PT AKSINDO CIPTA TALENTA","Staff Admin","Jakarta Selatan","Rp.3 – 4 Juta","Junior / Entry Level",Diploma/D1/D2/D3,"SMA / SMK / STM",https://www.loker.id/administrasi/staf-admin/staff-admin-pt-aksindo-cipta-talenta-jakarta-selatan.html,"Posted Date: September 13, 2023"
"PT. ASURANSI UMUM VIDEI","Staff IT Support","Jakarta Selatan",Negosiasi,"Junior / Entry Level",Diploma/D1/D2/D3,"SMA / SMK / STM",https://www.loker.id/information-technology/help-desk-it-support/staff-it-support-pt-asuransi-umum-videi-jakarta-selatan.html,"Posted Date: September 7, 2023"
"PT. JORYA MODA BUSANA","Staff Admin Online","Jakarta Utara","Rp.3 – 4 Juta","Junior / Entry Level",Diploma/D1/D2/D3,"SMA / SMK / STM",https://www.loker.id/pemasaran/pemasaran-digital/staff-admin-online-jorya-fashion-jakarta-utara-2.html,"Updated:  Maret 4, 2024"
"PT. Anugrah Irka Sejahtera","Pramuniaga Toko","Jakarta Timur","Rp.3 – 4 Juta","Junior / Entry Level","SMA / SMK / STM",Kontrak,https://www.loker.id/ritel/asisten-ritel/pramuniaga-toko-pt-anugrah-irka-sejahtera-jakarta-timur.html,"Updated:  Maret 4, 2024"
"PT. Anugrah Irka Sejahtera","Staff Pickup","Jakarta Timur","Rp.3 – 4 Juta","Junior / Entry Level","SMA / SMK / STM",Kontrak,https://www.loker.id/transportation-logistics/kurir/staff-pickup-pt-anugrah-irka-sejahtera-jakarta-timur.html,"Posted Date: Agustus 4, 2023"
"PT. Gapura Mas Logistics","Operation Staff (OS)","Jakarta Utara",Negosiasi,"Junior / Entry Level",Diploma/D1/D2/D3,"Sarjana / S1",https://www.loker.id/transportation-logistics/freight-forwarding/operation-staff-os-pt-gapura-mas-logistics-jakarta-utara.html,"Updated:  Maret 4, 2024"
"PT INDO GUNA SEJAHTERA","Google AdWords Specialist","Jakarta Pusat","Rp.6 – 7 Juta","Junior / Entry Level",Diploma/D1/D2/D3,"Sarjana / S1",https://www.loker.id/pemasaran/pemasaran-digital/google-adwords-specialist-pt-indo-guna-sejahtera-jakarta-pusat.html,"Updated:  Maret 4, 2024"
"Kairos Digital Printing","Admin Staff","Jakarta Barat",Negosiasi,"Junior / Entry Level",Diploma/D1/D2/D3,"SMA / SMK / STM",https://www.loker.id/administrasi/staf-admin/admin-staff-kairos-digital-printing-jakarta-barat.html,"Updated:  Maret 4, 2024"
"PT. Dunia Internet Teknologi",Driver,"Jakarta Utara",Negosiasi,"Junior / Entry Level","SMA / SMK / STM","Purna Waktu / Full Time",https://www.loker.id/transportation-logistics/driver/driver-pt-dunia-internet-teknologi-jakarta-utara.html,"Updated:  Maret 4, 2024"
"Ckey store","Staff Administrasi","Jakarta Utara","Rp.3 – 4 Juta","Junior / Entry Level",Diploma/D1/D2/D3,"SMA / SMK / STM",https://www.loker.id/administrasi/staf-admin/staff-administrasi-ckey-store-jakarta-utara-4.html,"Updated:  Maret 4, 2024"
"PT INDO GUNA SEJAHTERA","Sosial Media Marketing","Jakarta Pusat","Rp.6 – 7 Juta","Junior / Entry Level",Diploma/D1/D2/D3,"SMA / SMK / STM",https://www.loker.id/pemasaran/pemasaran-digital/sosial-media-marketing-pt-indo-guna-sejahtera-jakarta-pusat.html,"Updated:  Maret 4, 2024"
"PT INDO GUNA SEJAHTERA","Staff Farmasi","Jakarta Pusat","Rp.6 – 7 Juta","Junior / Entry Level",Diploma/D1/D2/D3,"Sarjana / S1",https://www.loker.id/kesehatan-dan-kedokteran/farmasi-dan-alat-kesehatan/staff-farmasi-pt-indo-guna-sejahtera-jakarta-pusat.html,"Updated:  Maret 4, 2024"
"Sukses Jaya Logistik","Checker Gudang","Jakarta Timur","Rp.3 – 4 Juta","Supervisor / Coordinator","SMA / SMK / STM","Purna Waktu / Full Time",https://www.loker.id/transportation-logistics/warehouse/checker-gudang-sukses-jaya-logistik-jakarta-timur.html,"Updated:  Maret 4, 2024"
"PT Tumbuh Sehat Makmur","Staff Laundry","Jakarta Barat",Negosiasi,"Junior / Entry Level","SMA / SMK / STM",Kontrak,https://www.loker.id/pekerjaan-umum/cleaning-service/staff-laundry-pt-tumbuh-sehat-makmur-jakarta-barat.html,"Updated:  Maret 4, 2024"
"PT Medikpro Estetika Indonesia",Kasir,"Jakarta Selatan","Rp.3 – 4 Juta","Junior / Entry Level",Diploma/D1/D2/D3,"SMA / SMK / STM",https://www.loker.id/ritel/asisten-ritel/kasir-pt-medikpro-estetika-indonesia-jakarta-selatan.html,"Updated:  Maret 4, 2024"
"Raja Rawit (Divisi Outlet)","Kitchen Crew / Cook Helper","DKI Jakarta",Negosiasi,"Junior / Entry Level",Diploma/D1/D2/D3,"SMA / SMK / STM",https://www.loker.id/restaurant/helper-kitchen/kitchen-crew-cook-helper-raja-rawit-divisi-outlet-dki-jakarta.html,"Updated:  Maret 4, 2024"
"PT INDO GUNA SEJAHTERA","Staff Cook","Jakarta Pusat",Negosiasi,"Junior / Entry Level",Diploma/D1/D2/D3,"SMA / SMK / STM",https://www.loker.id/restaurant/koki/staff-cook-pt-indo-guna-sejahtera-jakarta-pusat.html,"Updated:  Maret 4, 2024"
"Sukses Jaya Logistik","Sales Executive","Jakarta Utara","Rp.3 – 4 Juta","Junior / Entry Level",Diploma/D1/D2/D3,"SMA / SMK / STM",https://www.loker.id/penjualan/konsultan-penjualan/sales-executive-sukses-jaya-logistik-jakarta-utara.html,"Updated:  Maret 4, 2024"
"PT. Limpah Mas Indonesia","Staff Gudang","Jakarta Barat","Rp.3 – 4 Juta","Junior / Entry Level",Diploma/D1/D2/D3,"Sarjana / S1",https://www.loker.id/transportation-logistics/warehouse/staff-gudang-pt-limpah-mas-indonesia-jakarta-barat.html,"Updated:  Maret 4, 2024"
"PT. ASURANSI UMUM VIDEI","Staff Administrasi","Jakarta Selatan",Negosiasi,"Junior / Entry Level",Diploma/D1/D2/D3,"Sarjana / S1",https://www.loker.id/administrasi/staf-admin/staff-administrasi-pt-asuransi-umum-videi-jakarta-selatan.html,"Updated:  Maret 4, 2024"
"PT. Satu Fokus Optima","Staff Finance","Jakarta Selatan","Rp.6 – 7 Juta","Junior / Entry Level",Diploma/D1/D2/D3,"SMA / SMK / STM",https://www.loker.id/akuntansi-keuangan/akuntansi-finansial/staff-finance-pt-satu-fokus-optima-jakarta-selatan.html,"Updated:  Maret 4, 2024"
"PT. Funworld Prima","Customer Support","DKI Jakarta",Negosiasi,"Junior / Entry Level",Diploma/D1/D2/D3,"SMA / SMK / STM",https://www.loker.id/customer-care/customer-service/customer-support-pt-funworld-prima-dki-jakarta.html,"Updated:  Maret 4, 2024"
"PT Sukses Bina Makmur","Staff Packing","Jakarta Utara","Rp.2 – 3 Juta","Junior / Entry Level","SMA / SMK / STM","Purna Waktu / Full Time",https://www.loker.id/transportation-logistics/packing/staff-packing-pt-sukses-bina-makmur-jakarta-utara.html,"Posted Date: April 6, 2024"
"kasedhiya pottery","Staff Administrasi Penjualan","Jakarta Timur","Rp.1 - 2 Juta","Junior / Entry Level",Diploma/D1/D2/D3,"SMA / SMK / STM",https://www.loker.id/administrasi/administrasi-penjualan/staff-administrasi-penjualan-kasedhiya-pottery-jakarta-timur.html,"Posted Date: April 4, 2024"
"PT. Dinamika Utama Inti Terang","Staff Packing","Jakarta Barat","Rp.1 - 2 Juta","Junior / Entry Level","SMA / SMK / STM","Purna Waktu / Full Time",https://www.loker.id/transportation-logistics/packing/staff-packing-pt-dinamika-utama-inti-terang-jakarta-barat.html,"Posted Date: April 2, 2024"
"Mj Baked Goods",Baker,"Jakarta Utara",Negosiasi,"Junior / Entry Level",Diploma/D1/D2/D3,"SMA / SMK / STM",https://www.loker.id/restaurant/baker/baker-mj-baked-goods-jakarta-utara.html,"Posted Date: Maret 28, 2024"
"PT PERSADA PERMATA MANDIRI","Staff Officeboy","Jakarta Barat",Negosiasi,"Junior / Entry Level","SMA / SMK / STM","Purna Waktu / Full Time",https://www.loker.id/pekerjaan-umum/office-boy-girl/staff-officeboy-pt-persada-permata-mandiri-jakarta-barat.html,"Posted Date: Maret 28, 2024"
"Mj Baked Goods","Staff Admin Cakery","Jakarta Utara","Rp.3 – 4 Juta","Junior / Entry Level",Diploma/D1/D2/D3,"Sarjana / S1",https://www.loker.id/administrasi/staf-admin/staff-admin-cakery-mj-baked-goods-jakarta-utara.html,"Posted Date: Maret 27, 2024"
"PT. BANGUN LAKSANA PERSADA","Staff Admin Marketing","Jakarta Utara",Negosiasi,"Junior / Entry Level",Diploma/D1/D2/D3,"Sarjana / S1",https://www.loker.id/administrasi/administrasi-penjualan/staff-admin-marketing-pt-bangun-laksana-persada-jakarta-utara.html,"Posted Date: Maret 26, 2024"
"Glam Hub","Staff Nail Art","Jakarta Barat",Negosiasi,"Junior / Entry Level","SMA / SMK / STM","Purna Waktu / Full Time",https://www.loker.id/kecantikan/staff-nail-art-glam-hub-jakarta-barat.html,"Posted Date: Maret 25, 2024"
"CV Mascot Laku Prakarsa","Staff Packing","Jakarta Utara","Rp.2 – 3 Juta","Junior / Entry Level","SMA / SMK / STM",Freelance,https://www.loker.id/transportation-logistics/packing/staff-packing-cv-mascot-laku-prakarsa-jakarta-utara.html,"Posted Date: Maret 25, 2024"
"CV. MAJU JAYA JAKARTA","Staff Admin","Jakarta Barat","Rp.3 – 4 Juta","Junior / Entry Level",Diploma/D1/D2/D3,"Sarjana / S1",https://www.loker.id/administrasi/administrasi-penjualan/staff-admin-cv-maju-jaya-jakarta-jakarta-barat.html,"Posted Date: Maret 21, 2024"
"PT. Pasific Harapan Bahagia","Staff Admin Pembelian","Jakarta Utara","Rp.2 – 3 Juta","Junior / Entry Level","SMA / SMK / STM","Purna Waktu / Full Time",https://www.loker.id/administrasi/staf-admin/staff-admin-pembelian-pt-pasific-harapan-bahagia-jakarta-utara.html,"Posted Date: Maret 21, 2024"
"PT. HAMPARAN DAYA CIPTA INFINITY","Staff Accounting","Jakarta Barat",Negosiasi,"Junior / Entry Level",Diploma/D1/D2/D3,"Sarjana / S1",https://www.loker.id/akuntansi-keuangan/akuntansi-finansial/staff-accounting-pt-hamparan-daya-cipta-infinity-jakarta-barat.html,"Posted Date: Maret 21, 2024"
"PT Jasamas Prima Caraka","Staff Admin","Jakarta Pusat",Negosiasi,"Junior / Entry Level",Diploma/D1/D2/D3,"Sarjana / S1",https://www.loker.id/administrasi/staf-admin/staff-admin-pt-jasamas-prima-caraka-jakarta-pusat.html,"Posted Date: Maret 21, 2024"
"PT Sukses Kencana Lancar","Staff Marketing","Jakarta Timur","Rp.3 – 4 Juta","Junior / Entry Level",Diploma/D1/D2/D3,"SMA / SMK / STM",https://www.loker.id/pemasaran/komunikasi-pemasaran/staff-marketing-pt-sukses-kencana-lancar-jakarta-timur.html,"Posted Date: Maret 20, 2024"
"SURYA WAHANA","Online Shop Marketing","Jakarta Utara",Negosiasi,"Junior / Entry Level",Diploma/D1/D2/D3,"SMA / SMK / STM",https://www.loker.id/penjualan/e-commerce/online-shop-marketing-surya-wahana-jakarta-utara.html,"Posted Date: Maret 20, 2024"
"PT MEIJING TRADING INDONESIA","Staff Packing","Jakarta Barat","Rp.3 – 4 Juta","Junior / Entry Level","SMA / SMK / STM","Purna Waktu / Full Time",https://www.loker.id/transportation-logistics/packing/staff-packing-pt-meijing-trading-indonesia-jakarta-barat.html,"Posted Date: Maret 20, 2024"
"PT. PARAMITA LESTARI","Staff Administrasi","Jakarta Barat",Negosiasi,"Junior / Entry Level",Diploma/D1/D2/D3,"SMA / SMK / STM",https://www.loker.id/administrasi/staf-admin/staff-administrasi-pt-paramita-lestari-jakarta-barat.html,"Updated:  Maret 20, 2024"
"Mitrasindo Printing","Staff Administrasi","Jakarta Utara","Rp.3 – 4 Juta","Junior / Entry Level",Diploma/D1/D2/D3,"Sarjana / S1",https://www.loker.id/administrasi/staf-admin/staff-administrasi-mitrasindo-printing-jakarta-utara.html,"Posted Date: Maret 19, 2024"
"PT. Sawangdus Raja Makmur","Staff Graphic Design","Jakarta Utara","Rp.3 – 4 Juta","Junior / Entry Level",Diploma/D1/D2/D3,"SMA / SMK / STM",https://www.loker.id/desain-arsitektur/grafis/staff-graphic-design-pt-sawangdus-raja-makmur-jakarta-utara.html,"Posted Date: Maret 18, 2024"
"Graha Irass Interior","Junior Interior Designer","Jakarta Barat","Rp.4 – 5 Juta","Junior / Entry Level",Diploma/D1/D2/D3,"Sarjana / S1",https://www.loker.id/desain-arsitektur/interior/junior-interior-designer-graha-irass-interior-jakarta-barat.html,"Posted Date: Maret 17, 2024"
"PT.GRACE EXPRESS INDONESIA","Office Girl","Jakarta Selatan","Rp.4 – 5 Juta","Junior / Entry Level","SMA / SMK / STM","Purna Waktu / Full Time",https://www.loker.id/pekerjaan-umum/office-boy-girl/office-girl-pt-grace-express-indonesia-jakarta-selatan.html,"Posted Date: Maret 15, 2024"
"DIAMOND SUPERMARKET",Waiters,"Jakarta Selatan","Rp.3 – 4 Juta","Junior / Entry Level","SMA / SMK / STM",Kontrak,https://www.loker.id/restaurant/waitress/waiters-diamond-supermarket-jakarta-selatan.html,"Posted Date: Maret 13, 2024"
"Lungguh jaya raharja","Staff IT Support","Jakarta Selatan","Rp.4 – 5 Juta","Junior / Entry Level",Diploma/D1/D2/D3,"Sarjana / S1",https://www.loker.id/information-technology/help-desk-it-support/staff-it-support-lungguh-jaya-raharja-jakarta-selatan.html,"Posted Date: Maret 13, 2024"
"Ramen & Sushi YO","Koki/Juru Masak","Jakarta Selatan",Negosiasi,"Junior / Entry Level","SMA / SMK / STM","Purna Waktu / Full Time",https://www.loker.id/restaurant/koki/koki-juru-masak-ramen-sushi-yo-jakarta-selatan.html,"Posted Date: Maret 13, 2024"
"DIAMOND SUPERMARKET",Kasir,"Jakarta Selatan","Rp.3 – 4 Juta","Junior / Entry Level",Diploma/D1/D2/D3,"SMA / SMK / STM",https://www.loker.id/ritel/asisten-ritel/kasir-diamond-supermarket-jakarta-selatan.html,"Posted Date: Maret 13, 2024"
"PT Kebut Buana Transport","Staff Administrasi Keuangan","Jakarta Utara","Rp.6 – 7 Juta","Junior / Entry Level",Diploma/D1/D2/D3,"SMA / SMK / STM",https://www.loker.id/akuntansi-keuangan/akuntansi-finansial/staff-administrasi-keuangan-pt-kebut-buana-transport-jakarta-utara.html,"Posted Date: Maret 8, 2024"
"PT GLOBAL GREEN INTERNATIONAL","Digital Sales","Jakarta Pusat",Negosiasi,"Junior / Entry Level",Diploma/D1/D2/D3,"Sarjana / S1",https://www.loker.id/pemasaran/pemasaran-digital/digital-sales-pt-global-green-international-jakarta-pusat-3.html,"Posted Date: Maret 8, 2024"
"PT Mega Medica Pharmaceuticals","Staff Administrasi","Jakarta Barat","Rp.3 – 4 Juta","Junior / Entry Level",Diploma/D1/D2/D3,"Sarjana / S1",https://www.loker.id/administrasi/staf-admin/staff-administrasi-pt-mega-medica-pharmaceuticals-jakarta-barat-2.html,"Posted Date: Maret 7, 2024"
"PT Danatek Indera Indonesia","Accounting Staff","Jakarta Pusat","Rp.3 – 4 Juta","Junior / Entry Level",Diploma/D1/D2/D3,"Sarjana / S1",https://www.loker.id/akuntansi-keuangan/akuntansi-finansial/accounting-staff-pt-danatek-indera-indonesia-jakarta-pusat.html,"Updated:  Maret 13, 2024"
"PT NASA MEDIA PRATAMA","Staff Admin","Jakarta Timur","Rp.3 – 4 Juta","Junior / Entry Level",Diploma/D1/D2/D3,"Sarjana / S1",https://www.loker.id/administrasi/staf-admin/staff-admin-pt-nasa-media-pratama-jakarta-timur.html,"Posted Date: Maret 6, 2024"
"PT. HAMPARAN DAYA CIPTA INFINITY","Administrasi Marketing","Jakarta Barat","Rp.4 – 5 Juta","Junior / Entry Level",Diploma/D1/D2/D3,"Sarjana / S1",https://www.loker.id/administrasi/administrasi-penjualan/administrasi-marketing-pt-hamparan-daya-cipta-infinity-jakarta-barat.html,"Posted Date: Maret 5, 2024"
"Mitrasindo Printing","Staff Accounting","Jakarta Utara",Negosiasi,"Junior / Entry Level",Diploma/D1/D2/D3,"Sarjana / S1",https://www.loker.id/akuntansi-keuangan/akuntansi-finansial/staff-accounting-mitrasindo-printing-jakarta-utara.html,"Posted Date: Februari 29, 2024"
"CV Rodjo Adi Jaya","Pastry Chef","Jakarta Barat","Rp.3 – 4 Juta","Junior / Entry Level",Diploma/D1/D2/D3,"SMA / SMK / STM",https://www.loker.id/restaurant/pastry/pastry-chef-cv-rodjo-adi-jaya-jakarta-barat.html,"Posted Date: Februari 29, 2024"
"PT SUKSES BERSAMA OTOPART","Staff Packing","Jakarta Barat","Rp.2 – 3 Juta","Junior / Entry Level","SMA / SMK / STM","Purna Waktu / Full Time",https://www.loker.id/transportation-logistics/packing/staff-packing-pt-sukses-bersama-otopart-jakarta-barat.html,"Posted Date: Februari 28, 2024"
"PT SUKSES BERSAMA OTOPART","Staff Admin Gudang","Jakarta Barat","Rp.2 – 3 Juta","Junior / Entry Level",Diploma/D1/D2/D3,"SMA / SMK / STM",https://www.loker.id/administrasi/staf-admin/staff-admin-gudang-pt-sukses-bersama-otopart-jakarta-barat.html,"Posted Date: Februari 28, 2024"
"Indian Village","Pramuniaga Toko","Jakarta Pusat",Negosiasi,"Junior / Entry Level","SMA / SMK / STM","Purna Waktu / Full Time",https://www.loker.id/ritel/asisten-ritel/pramuniaga-toko-indian-village-jakarta-pusat.html,"Posted Date: Februari 27, 2024"
"Indian Village","Media Social Staff","Jakarta Pusat",Negosiasi,"Junior / Entry Level",Diploma/D1/D2/D3,"Sarjana / S1",https://www.loker.id/penjualan/e-commerce/media-social-staff-indian-village-jakarta-pusat.html,"Posted Date: Februari 27, 2024"
"PT. HAMPARAN DAYA CIPTA INFINITY","Staff Gudang","Jakarta Barat","Rp.3 – 4 Juta","Junior / Entry Level",Diploma/D1/D2/D3,"SMA / SMK / STM",https://www.loker.id/transportation-logistics/warehouse/staff-gudang-pt-hamparan-daya-cipta-infinity-jakarta-barat.html,"Posted Date: Februari 27, 2024"
vamotelli,"Staff Press Sublim","Jakarta Barat","Rp.3 – 4 Juta","Junior / Entry Level","SMA / SMK / STM","Purna Waktu / Full Time",https://www.loker.id/pabrik-dan-manufaktur/operator-mesin/staff-press-sublim-vamotelli-jakarta-barat.html,"Posted Date: Februari 26, 2024"
"Supplyin Official","Staff Packing","Jakarta Utara",Negosiasi,"Junior / Entry Level","SMA / SMK / STM","Purna Waktu / Full Time",https://www.loker.id/transportation-logistics/packing/staff-packing-supplyin-official-jakarta-utara.html,"Posted Date: Februari 26, 2024"
"PT SUMBER AGUNG INTERNUSA","Admin Toko","Jakarta Barat","Rp.3 – 4 Juta","Junior / Entry Level",Diploma/D1/D2/D3,"SMA / SMK / STM",https://www.loker.id/administrasi/administrasi-penjualan/admin-toko-pt-sumber-agung-internusa-jakarta-barat.html,"Posted Date: Februari 24, 2024"
"CV Rodjo Adi Jaya","Floor Staff","Jakarta Barat","Rp.3 – 4 Juta","Junior / Entry Level","SMA / SMK / STM",Kontrak,https://www.loker.id/restaurant/waitress/floor-staff-cv-rodjo-adi-jaya-jakarta-barat.html,"Posted Date: Februari 23, 2024"
"CV Rodjo Adi Jaya","Barista Staff","Jakarta Barat","Rp.3 – 4 Juta","Junior / Entry Level",Diploma/D1/D2/D3,"SMA / SMK / STM",https://www.loker.id/restaurant/barista/barista-staff-cv-rodjo-adi-jaya-jakarta-barat.html,"Posted Date: Februari 23, 2024"
"Pt. GODAYA INDOTAMA PERKASA","Marketing Staff","Jakarta Barat","Rp.4 – 5 Juta","Junior / Entry Level",Diploma/D1/D2/D3,"Sarjana / S1",https://www.loker.id/penjualan/akun-dan-relasi/marketing-staff-pt-godaya-indotama-perkasa-jakarta-barat.html,"Posted Date: Februari 21, 2024"
"Glasshouse Florist","Staff Stocking – Purchasing Florist","Jakarta Selatan","Rp.2 – 3 Juta","Junior / Entry Level","SMA / SMK / STM","Purna Waktu / Full Time",https://www.loker.id/pekerjaan-umum/florist/staff-stocking-purchasing-florist-glasshouse-florist-jakarta-selatan.html,"Posted Date: Februari 20, 2024"
"PT. SVL Internasional Indonesia","Staff Digital Marketing","Jakarta Barat","Rp.4 – 5 Juta","Supervisor / Coordinator",Diploma/D1/D2/D3,"Sarjana / S1",https://www.loker.id/penjualan/e-commerce/staff-digital-marketing-pt-svl-internasional-indonesia-jakarta-barat.html,"Posted Date: Februari 17, 2024"
"PT BUMI DAYA PERSADA","Staff Admin","Jakarta Barat",Negosiasi,"Junior / Entry Level",Diploma/D1/D2/D3,"Sarjana / S1",https://www.loker.id/property-real-estate/staff-admin-pt-bumi-daya-persada-jakarta-barat.html,"Posted Date: Februari 16, 2024"
"PT BUMI DAYA PERSADA","Staff Accounting","Jakarta Barat",Negosiasi,"Junior / Entry Level",Diploma/D1/D2/D3,"Sarjana / S1",https://www.loker.id/akuntansi-keuangan/akuntansi-finansial/staff-accounting-pt-bumi-daya-persada-jakarta-barat.html,"Posted Date: Februari 16, 2024"
"PT. ORED ECOMMERCE INDONESIA","Staff Affiliate Produk.","Jakarta Utara","Rp.2 – 3 Juta","Junior / Entry Level",Diploma/D1/D2/D3,"SMA / SMK / STM",https://www.loker.id/penjualan/e-commerce/staff-affiliate-produk-pt-ored-ecommerce-indonesia-jakarta-utara.html,"Posted Date: Februari 12, 2024"
"PT PRESISI MAJU BERSAMA","Staff Marketing","Jakarta Barat","Rp.2 – 3 Juta","Junior / Entry Level",Diploma/D1/D2/D3,"SMA / SMK / STM",https://www.loker.id/pemasaran/komunikasi-pemasaran/staff-marketing-pt-presisi-maju-bersama-jakarta-barat-2.html,"Posted Date: Februari 3, 2024"
"CV Rodjo Adi Jaya","Kitchen Staff","Jakarta Selatan","Rp.3 – 4 Juta","Junior / Entry Level","SMA / SMK / STM",Kontrak,https://www.loker.id/restaurant/helper-kitchen/kitchen-staff-cv-rodjo-adi-jaya-jakarta-selatan.html,"Updated:  Februari 29, 2024"
"PT Gram Indonesia Pratama","Kitchen Staff","Jakarta Selatan","Rp.3 – 4 Juta","Junior / Entry Level","SMA / SMK / STM",Kontrak,https://www.loker.id/restaurant/helper-kitchen/kitchen-staff-pt-gram-indonesia-pratama-jakarta-selatan.html,"Updated:  Maret 19, 2024"
"PT BERKAH MAKMUR WIRAUSAHA","Design Grafis","Jakarta Pusat",Negosiasi,"Junior / Entry Level",Diploma/D1/D2/D3,"Sarjana / S1",https://www.loker.id/desain-arsitektur/grafis/design-grafis-pt-berkah-makmur-wirausaha-jakarta-pusat.html,"Posted Date: Februari 1, 2024"
"Dance Station","Admin Marketing","Jakarta Utara","Rp.4 – 5 Juta","Junior / Entry Level",Diploma/D1/D2/D3,"SMA / SMK / STM",https://www.loker.id/administrasi/administrasi-penjualan/admin-marketing-dance-station-jakarta-utara.html,"Posted Date: Januari 25, 2024"
"PT. BOGA SELERA PERDANA",Waitress/Waiter,"Jakarta Barat","Rp.3 – 4 Juta","Junior / Entry Level","SMA / SMK / STM","Purna Waktu / Full Time",https://www.loker.id/restaurant/waitress/waitress-waiter-pt-boga-selera-perdana-jakarta-barat.html,"Posted Date: Januari 23, 2024"
"Bentuk Tekstil","Staff Admin E-Commerce","Jakarta Pusat",Negosiasi,"Junior / Entry Level",Diploma/D1/D2/D3,"Sarjana / S1",https://www.loker.id/penjualan/e-commerce/staff-admin-e-commerce-bentuk-tekstil-jakarta-pusat.html,"Updated:  Maret 2, 2024"
"PT. Torio Multi Nasional",Administrasi,"Jakarta Barat","Rp.2 – 3 Juta","Junior / Entry Level",Diploma/D1/D2/D3,"SMA / SMK / STM",https://www.loker.id/administrasi/staf-admin/administrasi-pt-torio-multi-nasional-jakarta-barat.html,"Posted Date: Januari 22, 2024"
"PT FANTECH INDONESIA JAYA","Admin Markeplace/ Online Shop","Jakarta Barat","Rp.2 – 3 Juta","Junior / Entry Level",Diploma/D1/D2/D3,"Sarjana / S1",https://www.loker.id/penjualan/e-commerce/admin-markeplace-online-shop-pt-fantech-indonesia-jaya-jakarta-barat.html,"Updated:  Maret 6, 2024"
"PT. DIVA MITRA SINERGI","Staff Operasional ( Driver Truk CDD )","Jakarta Utara",Negosiasi,"Junior / Entry Level","SMA / SMK / STM","Purna Waktu / Full Time",https://www.loker.id/transportation-logistics/driver/staff-operasional-driver-truk-cdd-pt-diva-mitra-sinergi-jakarta-utara.html,"Updated:  Januari 22, 2024"
"PT. TREX MANAGEMEN INDONESIA","Office Boy","Jakarta Utara","Rp.2 – 3 Juta","Junior / Entry Level","SMA / SMK / STM",Kontrak,https://www.loker.id/pekerjaan-umum/office-boy-girl/office-boy-pt-trex-managemen-indonesia-jakarta-utara.html,"Posted Date: Januari 17, 2024"
"PT. Swaramas - SRS","Staff Workshop","Jakarta Pusat","Rp.3 – 4 Juta","Junior / Entry Level",Diploma/D1/D2/D3,"SMA / SMK / STM",https://www.loker.id/pekerjaan-umum/teknisi/staff-workshop-pt-swaramas-srs-jakarta-pusat.html,"Posted Date: Januari 17, 2024"
"PT Gram Indonesia Pratama","Floor Staff","DKI Jakarta","Rp.3 – 4 Juta","Junior / Entry Level","SMA / SMK / STM",Kontrak,https://www.loker.id/restaurant/waitress/floor-staff-pt-gram-indonesia-pratama-dki-jakarta.html,"Posted Date: Januari 16, 2024"
"PT. Royalindo Karya Sejahtera","Staff Kurir Pengiriman & Packing","Jakarta Utara","Rp.2 – 3 Juta","Junior / Entry Level","SMA / SMK / STM","Purna Waktu / Full Time",https://www.loker.id/transportation-logistics/kurir/staff-kurir-pengiriman-packing-pt-royalindo-karya-sejahtera-jakarta-utara.html,"Posted Date: Januari 15, 2024"
"PT. DIVA MITRA SINERGI","Sales Marketing Staff","Jakarta Utara",Negosiasi,"Junior / Entry Level",Diploma/D1/D2/D3,"Sarjana / S1",https://www.loker.id/penjualan/pengembangan-bisnis/sales-marketing-staff-pt-diva-mitra-sinergi-jakarta-utara.html,"Posted Date: Januari 15, 2024"
"PT. Fahreza Duta Perkasa",Driver,"Jakarta Selatan","Rp.3 – 4 Juta","Junior / Entry Level","SMA / SMK / STM","Purna Waktu / Full Time",https://www.loker.id/transportation-logistics/driver/driver-pt-fahreza-duta-perkasa-jakarta-selatan.html,"Posted Date: Januari 11, 2024"
"PT ALFA JAYA JASA","Staff Admin Pajak","Jakarta Barat","Rp.4 – 5 Juta","Junior / Entry Level","SMA / SMK / STM",Kontrak,https://www.loker.id/akuntansi-keuangan/perpajakan/staff-admin-pajak-pt-alfa-jaya-jasa-jakarta-barat-2.html,"Posted Date: Januari 11, 2024"
"PT. ORED ECOMMERCE INDONESIA","Staff Admin","Jakarta Utara","Rp.2 – 3 Juta","Junior / Entry Level","SMA / SMK / STM","Purna Waktu / Full Time",https://www.loker.id/penjualan/e-commerce/staff-admin-pt-ored-ecommerce-indonesia-jakarta-utara.html,"Updated:  Februari 1, 2024"
"PT Gram Indonesia Pratama","Pastry Staff","Jakarta Pusat","Rp.3 – 4 Juta","Junior / Entry Level","SMA / SMK / STM",Kontrak,https://www.loker.id/restaurant/pastry/pastry-staff-pt-gram-indonesia-pratama-jakarta-pusat.html,"Posted Date: Januari 5, 2024"
"PT. SVL Internasional Indonesia","Staff Admin Online","Jakarta Barat","Rp.2 – 3 Juta","Junior / Entry Level",Diploma/D1/D2/D3,"Sarjana / S1",https://www.loker.id/penjualan/e-commerce/staff-admin-online-pt-svl-internasional-indonesia-jakarta-barat.html,"Updated:  Februari 17, 2024"
"PT. SVL Internasional Indonesia","Staff Packing","Jakarta Barat","Rp.2 – 3 Juta","Junior / Entry Level","SMA / SMK / STM","Purna Waktu / Full Time",https://www.loker.id/transportation-logistics/packing/staff-packing-pt-svl-internasional-indonesia-jakarta-barat.html,"Posted Date: Desember 29, 2023"
"PT. JARINGAN ENERGI NUSANTARA","Staff Accounting Keuangan","Jakarta Selatan","Rp.6 – 7 Juta","Junior / Entry Level",Diploma/D1/D2/D3,"Sarjana / S1",https://www.loker.id/akuntansi-keuangan/akuntansi-finansial/staff-accounting-keuangan-pt-jaringan-energi-nusantara-jakarta-selatan.html,"Posted Date: Desember 15, 2023"
"Indian Village","Admin Marketplace","Jakarta Pusat",Negosiasi,"Junior / Entry Level",Diploma/D1/D2/D3,"SMA / SMK / STM",https://www.loker.id/penjualan/e-commerce/admin-marketplace-indian-village-jakarta-pusat.html,"Updated:  Maret 2, 2024"
"KX Baja","Staff Accounting","Jakarta Pusat",Negosiasi,"Junior / Entry Level",Diploma/D1/D2/D3,"SMA / SMK / STM",https://www.loker.id/akuntansi-keuangan/akuntansi-finansial/staff-accounting-kx-baja-jakarta-pusat.html,"Updated:  Januari 12, 2024"
"Tripanca Global Karya","Staff Admin Marketing","Jakarta Selatan","Rp.3 – 4 Juta","Junior / Entry Level",Diploma/D1/D2/D3,"Sarjana / S1",https://www.loker.id/penjualan/e-commerce/staff-admin-marketing-tripanca-global-karya-jakarta-selatan.html,"Updated:  Januari 17, 2024"
"PT. Fahreza Duta Perkasa","Staff Admin Proyek","Jakarta Selatan",Negosiasi,"Junior / Entry Level",Diploma/D1/D2/D3,"Sarjana / S1",https://www.loker.id/administrasi/staf-admin/staff-admin-proyek-pt-fahreza-duta-perkasa-jakarta-selatan.html,"Updated:  November 9, 2023"
"PT Aneka Anugrah Abadi","Staff Admin","Jakarta Barat","Rp.3 – 4 Juta","Junior / Entry Level",Diploma/D1/D2/D3,"Sarjana / S1",https://www.loker.id/administrasi/staf-admin/staff-admin-pt-aneka-anugrah-abadi-jakarta-barat.html,"Updated:  Oktober 23, 2023"
ECINOS,"Staff Quality Control","Jakarta Utara","Rp.3 – 4 Juta","Junior / Entry Level",Diploma/D1/D2/D3,"SMA / SMK / STM",https://www.loker.id/pabrik-dan-manufaktur/quality-control-pabrik-dan-manufaktur/staff-quality-control-ecinos-jakarta-utara.html,"Updated:  Maret 4, 2024"
"PT. TREX MANAGEMEN INDONESIA","Customer Service","Jakarta Utara","Rp.3 – 4 Juta","Junior / Entry Level",Diploma/D1/D2/D3,"SMA / SMK / STM",https://www.loker.id/customer-care/customer-service/customer-service-pt-trex-managemen-indonesia-jakarta-utara-2.html,"Updated:  Maret 4, 2024"
"PT. Surga Mobil Indonesia","Staff Maintenance","Jakarta Timur",Negosiasi,"Junior / Entry Level",Diploma/D1/D2/D3,"SMA / SMK / STM",https://www.loker.id/teknik/mesin/staff-maintenance-pt-surga-mobil-indonesia-jakarta-timur.html,"Updated:  Maret 4, 2024"
