nama_perusahaan,title,lokasi,tipe_pekerjaan,gaji,pendidikan
"OY! Indonesia","Associate Product Manager","Gedung Treasury Tower , Kawasan District 8 LOT 28, SCBD, Jl. Jend. sudirman kav 52-53, RT.5/RW.3, Senayan, Kec. Kby. Baru, Kota Jakarta Selatan, Daerah Khusus Ibukota Jakarta 12190, Indonesia","Full time",,"Bachelor's Degree"
"PT BFI Finance Indonesia Tbk","Marketing Agency Car Penempatan Pandaan, Pasuruan","BFI Finance KC Pandaan - Jl. Raya Malang - Gempol No.8, Macanan, Karang Jati, Kec. Pandaan, Pasuruan","Full time",IDR,"Bachelor's Degree"
FIFGROUP,"Internal Auditor","Menara FIF (Head Office)  Jl. TB Simatupang Kav 15 Cilandak, Jakarta Selatan 12440","Full time",,"Bachelor's Degree"
"Kompas Gramedia","Account Executive VCBL","Jl. Palmerah Selatan No. 22-28. Jakarta, Indonesia, West Jakarta, DKI Jakarta, Indonesia","Full time",,"Bachelor's Degree"
FinAccel,"Android Engineer","Dipo Tower, Jakarta Pusat 10260, Indonesia","Full time",,"Bachelor's Degree"
"Systems Ltd.","Senior Business Development Manager","Jakarta, JABODETABEK, Indonesia","Full time",IDR,"Bachelor's Degree"
Dekoruma,"Designer Manager Medan","Jl. Gatot Subroto No.188 A · 0821-6256-1163",Contractual,,"Bachelor's Degree"
"PT BFI Finance Indonesia Tbk","Social Media Internship","Head Office - BFI Tower Sunburst CBD Lot 1.2 Jl. Kapt. Soebijanto Djojohadikusumo BSD City Tangerang Selatan 15322","Full time",,"Bachelor's Degree"
"PT BFI Finance Indonesia Tbk","Management Trainee Marketing Sulselbar","Head Office - BFI Tower Sunburst CBD Lot 1.2 Jl. Kapt. Soebijanto Djojohadikusumo BSD City Tangerang Selatan 15322","Full time",,"Bachelor's Degree"
"Kompas Gramedia","Business Development Executive",,"Full time",,"Bachelor's Degree"
"PT BFI Finance Indonesia Tbk","Admin Processing  Branch Depok","Head Office - BFI Tower Sunburst CBD Lot 1.2 Jl. Kapt. Soebijanto Djojohadikusumo BSD City Tangerang Selatan 15322","Full time",,"Associate's Degree"
"PT BFI Finance Indonesia Tbk","Sales Advisor Front Office Jakarta Utara","Head Office - BFI Tower Sunburst CBD Lot 1.2 Jl. Kapt. Soebijanto Djojohadikusumo BSD City Tangerang Selatan 15322","Full time",,"High School"
"Home Credit Indonesia","IT Internal Audit Specialist","Plaza Oleos, South Jakarta, DKI Jakarta, Indonesia","Full time",,"Bachelor's Degree"
"PT. Tiki Jalur Nugraha Ekakurir (JNE)",Assesor,,"Full time",IDR,"Bachelor's Degree"
"Siloam Hospitals Group","Product Management Intern","Cipondoh Indah Kel., Cipondoh","Full time",,"Bachelor's Degree"
"PT BFI Finance Indonesia Tbk","Administration Internship Head Office","Head Office - BFI Tower Sunburst CBD Lot 1.2 Jl. Kapt. Soebijanto Djojohadikusumo BSD City Tangerang Selatan 15322","Full time",,"Bachelor's Degree"
"PT BFI Finance Indonesia Tbk","Human Capital Internship Jambi","Lebak bandung, Jelutung","Full time",,"Bachelor's Degree"
"PT BFI Finance Indonesia Tbk","Surveyor Denpasar","Head Office - BFI Tower Sunburst CBD Lot 1.2 Jl. Kapt. Soebijanto Djojohadikusumo BSD City Tangerang Selatan 15322","Full time",,"Associate's Degree"
"PT BFI Finance Indonesia Tbk","Cashier cabang Mojokerto","BFI Finance, Jalan Pahlawan, Mojokerto 61321, Indonesia","Full time",,"Bachelor's Degree"
FinAccel,"Security Analyst","Dipo Tower, Jl. Gatot Subroto No.Kav 50-52, RW.7, Petamburan, Kecamatan Tanah Abang, Jakarta, Daerah Khusus Ibukota Jakarta 10260","Full time",,"Bachelor's Degree"
"PT BFI Finance Indonesia Tbk","Management Trainee Mortgage Specialist Denpasar Bali","Jl. Gatot Subroto Barat No.170X, Padangsambian Kaja, Kec. Denpasar Bar., Kota Denpasar, Bali 80117","Full time",,"Bachelor's Degree"
SKINTIFIC,"KOL Specialist","Kuningan Timur Kel., Setia Budi","Full time",,"Bachelor's Degree"
"PT. Indocyber Global Teknologi",".NET Developer (DM)",,"Full time",,"Bachelor's Degree"
"PT BFI Finance Indonesia Tbk","Field Surveyor Jakarta Barat","Jl. Lapangan Bola Jl. Meruya Ilir Raya No.1-1A, Kb. Jeruk, Kec. Kb. Jeruk, Kota Jakarta Barat, Daerah Khusus Ibukota Jakarta 11530",Contractual,,"High School"
"PT BFI Finance Indonesia Tbk","Asset Recovery Officer Jabodetabek","Head Office - BFI Tower Sunburst CBD Lot 1.2 Jl. Kapt. Soebijanto Djojohadikusumo BSD City Tangerang Selatan 15322",Contractual,,"Bachelor's Degree"
"Kompas Gramedia","International Marketing Officer","Jl. Palmerah Barat No.29-37","Full time",,"Bachelor's Degree"
"Siloam Hospitals Group","Product Manager","Cipondoh Indah Kel., Cipondoh","Full time",IDR,"Bachelor's Degree"
Triyakom,"Marketing Staff","Jalan Jenderal Gatot Subroto, Kuningan Barat Kel., Mampang Prapatan","Full time",,"Bachelor's Degree"
"Pura Group","Legal Officer","77, Jalan Kresna, Jati Wetan Kel., Jati","Full time",,"Bachelor's Degree"
"Permata Bank","RM Emerging","DKI Jakarta, Indonesia","Full time",,"Bachelor's Degree"
"Kompas Gramedia","Professional Program Consultant at Universitas Multimedia Nusantara","Scentia Garden, Jl. Boulevard Gading Serpong. Tangerang","Full time",,"Bachelor's Degree"
"PT Kliring Penjaminan Efek Indonesia (KPEI)","Staf HR Operation","Jalan Jenderal Sudirman, Senayan Kel., Kebayoran Baru","Full time",,"Bachelor's Degree"
"Mitramas Infosys Global","Software Engineer","Jalan Tebet Raya No.42, RT.3/RW.2, East Tebet, South Jakarta City, Jakarta, Indonesia","Full time",IDR,"Bachelor's Degree"
FIFGROUP,"Microfinancing Section Head Development Program Batch 5","Menara FIF (Head Office)  Jl. TB Simatupang Kav 15 Cilandak, Jakarta Selatan 12440","Full time",,"Bachelor's Degree"
"PT. Adicipta Inovasi Teknologi (AdIns)","Product Owner","Jl. Raya Kb. Jeruk No.80, RT.7/RW.1, Kb. Jeruk, Kec. Kb. Jeruk, Kota Jakarta Barat, Daerah Khusus Ibukota Jakarta 11530, Indonesia","Full time",IDR,"Bachelor's Degree"
FIFGROUP,"Backend Developer","Menara FIF (Head Office)  Jl. TB Simatupang Kav 15 Cilandak, Jakarta Selatan 12440","Full time",,
"PT. Indocyber Global Teknologi","Data Engineer (DM)",,"Full time",,"Bachelor's Degree"
"Kompas Gramedia","Lecturer in Visual Communication Design - Universitas Multimedia Nusantara","Kampus Universitas Multimedia Nusantara, Scientia Garden. Jl. Boulevard Gading Serpong Tangerang, Banten","Full time",,"Master's Degree"
"Jaris & K","3D Animator","5, Jalan Cipete Raya, Cipete Selatan Kel., Cilandak","Full time",,"Associate's Degree"
"Astra Credit Companies (ACC)","Area Litigation DKI II","Jalan TB Simatupang Kav. 90. Jakarta Selatan. DKI Jakarta","Full time",,"Bachelor's Degree"
"PT BFI Finance Indonesia Tbk","Customer Service cabang Mojokerto","BFI Finance, Jalan Pahlawan, Mojokerto 61321, Indonesia","Full time",,"Bachelor's Degree"
"PT BFI Finance Indonesia Tbk","Marketing Agency (BPKB Mobil) Area Bekasi","Head Office - BFI Tower Sunburst CBD Lot 1.2 Jl. Kapt. Soebijanto Djojohadikusumo BSD City Tangerang Selatan 15322","Full time",,"Bachelor's Degree"
Algoritma,"Data Science Trainee","Menara Kadin, 5th Floor, Jakarta Selatan 12950, Indonesia","Full time",,"Bachelor's Degree"
"PT BFI Finance Indonesia Tbk","OJR Marketing Jawa Tengah dan DIY","Head Office - BFI Tower Sunburst CBD Lot 1.2 Jl. Kapt. Soebijanto Djojohadikusumo BSD City Tangerang Selatan 15322",Freelance,,"Vocational course"
"commsult Indonesia","Full Stack Developer (Mid to Senior Level)","Lengkong Gudang Kel., Serpong","Full time",,"Bachelor's Degree"
"PT BFI Finance Indonesia Tbk","Agency Relation Penempatan Sumbawa","Head Office - BFI Tower Sunburst CBD Lot 1.2 Jl. Kapt. Soebijanto Djojohadikusumo BSD City Tangerang Selatan 15322","Full time",,"Associate's Degree"
"PT BFI Finance Indonesia Tbk","Agency Relations Penempatan Buleleng","Jalan Ahmad Yani, No.85b, Kaliuntu, Kabupaten Buleleng, Bali","Full time",,"Associate's Degree"
"Aleph Labs","UX Researcher [CONTRACT BASED]","Jalan Gatot Subroto, RT.3/RW.3, Kuningan, East Kuningan, South Jakarta City, Jakarta, Indonesia","Full time",,"Bachelor's Degree"
"Home Credit Indonesia","Risk Management & Compliance Asst. Manager","Plaza Oleos, South Jakarta, DKI Jakarta, Indonesia","Full time",,"Bachelor's Degree"
"PT. Adicipta Inovasi Teknologi (AdIns)","Strategic Account Manager","Jl. Raya Kb. Jeruk No.80, RT.7/RW.1, Kb. Jeruk, Kec. Kb. Jeruk, Kota Jakarta Barat, Daerah Khusus Ibukota Jakarta 11530, Indonesia","Full time",IDR,"Bachelor's Degree"
"PT BFI Finance Indonesia Tbk","IT Business Analyst","Head Office - BFI Tower Sunburst CBD Lot 1.2 Jl. Kapt. Soebijanto Djojohadikusumo BSD City Tangerang Selatan 15322","Full time",IDR,"Bachelor's Degree"
FinAccel,"Security Engineer - Red Team","Dipo Tower, Jl. Gatot Subroto No.Kav 50-52, RW.7, Petamburan, Kecamatan Tanah Abang, Jakarta, Daerah Khusus Ibukota Jakarta 10260","Full time",,"Bachelor's Degree"
"PT BFI Finance Indonesia Tbk","Learning Technology Internship","Head Office - BFI Tower Sunburst CBD Lot 1.2 Jl. Kapt. Soebijanto Djojohadikusumo BSD City Tangerang Selatan 15322","Full time",,"Bachelor's Degree"
"PT BFI Finance Indonesia Tbk","Marketing Agency Pembiayaan Syariah Cabang Kelapa Gading, Jakarta Utara","Head Office - BFI Tower Sunburst CBD Lot 1.2 Jl. Kapt. Soebijanto Djojohadikusumo BSD City Tangerang Selatan 15322","Full time",,"Bachelor's Degree"
Allvacon,"Relationship Manager","Jalan T. B. Simatupang, Kebagusan Kel., Pasar Minggu","Full time",,"Bachelor's Degree"
"Kompas Gramedia","System Development Senior","Jl. Palmerah Selatan No. 22-28. Jakarta, Indonesia, West Jakarta, DKI Jakarta, Indonesia","Full time",IDR,"Bachelor's Degree"
"PT BFI Finance Indonesia Tbk","Managament Trainee Credit Analyst Factory Kota Palembang","Head Office - BFI Tower Sunburst CBD Lot 1.2 Jl. Kapt. Soebijanto Djojohadikusumo BSD City Tangerang Selatan 15322","Full time",,"Bachelor's Degree"
"PT BFI Finance Indonesia Tbk","Marketing Agency (ARE Car Product)","Jln. Kolonel Burlian No.95, RT.09/RW.03, Bandar Agung, Kec. Lahat, Kabupaten Lahat, Sumatera Selatan 31414","Full time",IDR,"Bachelor's Degree"
"Kompas Gramedia","Lecturer in Management_Universitas Multimedia Nusantara","Scientia Garden, Jl. Boulevard Gading Serpong. Tangerang","Full time",,Doctorate
"Home Credit Indonesia","Desk Collection","Plaza Oleos, South Jakarta, DKI Jakarta, Indonesia","Full time",,"High School"
"EF EFEKTA English for Adults","Service Consultant","30, Jalan M H Thamrin, Gondangdia Kel., Menteng","Full time",IDR,"Bachelor's Degree"
"Kompas Gramedia","Account Executive","Depan Billy Hotel, Jl. Merdeka, Padarni, Kec. Manokwari Bar., Kabupaten Manokwari, Papua Bar.",Contractual,IDR,"Bachelor's Degree"
"Kompas Gramedia","News Video Producer KOMPAS.com (SOLO)",,"Full time",,"Bachelor's Degree"
"PT BFI Finance Indonesia Tbk","Technology Branch Support Specialist  Branch Depok","Head Office - BFI Tower Sunburst CBD Lot 1.2 Jl. Kapt. Soebijanto Djojohadikusumo BSD City Tangerang Selatan 15322","Full time",,"Bachelor's Degree"
"PT BFI Finance Indonesia Tbk","Business Relationship Executive Branch Bekasi","Head Office - BFI Tower Sunburst CBD Lot 1.2 Jl. Kapt. Soebijanto Djojohadikusumo BSD City Tangerang Selatan 15322","Full time",,"Vocational course"
"Mitramas Infosys Global","Business Development","Jalan Tebet Raya No.42, RT.3/RW.2, East Tebet, South Jakarta City, Jakarta, Indonesia","Full time",IDR,"Bachelor's Degree"
"PT BFI Finance Indonesia Tbk","Field Collection Penempatan Kebumen","Head Office - BFI Tower Sunburst CBD Lot 1.2 Jl. Kapt. Soebijanto Djojohadikusumo BSD City Tangerang Selatan 15322","Full time",IDR,"High School"
"PT BFI Finance Indonesia Tbk","Front Office Support Penempatan Mataram","Head Office - BFI Tower Sunburst CBD Lot 1.2 Jl. Kapt. Soebijanto Djojohadikusumo BSD City Tangerang Selatan 15322","Full time",,"Associate's Degree"
"Kompas Gramedia","IT Infrastructure Engineer at KOMPAS TV","Jl. Palmerah Selatan No. 22-28. Jakarta, Indonesia, West Jakarta, DKI Jakarta, Indonesia","Full time",,"Bachelor's Degree"
"PT. Jasa Teknologi Informasi IBM","SAP HR Consultant","The Plaza OfficeTower, 16th Floor, Jl. M.H.Thamrin Kav. 28-30 Jakarta 10350, RT.9/RW.5, Gondangdia, Jakarta, Central Jakarta","Full time",,"Bachelor's Degree"
"PT Fajar Gelora Inti","Music Shop Sales Assistant","Jalan Mangga Dua Selatan, Mangga Dua Selatan Kel., Sawah Besar","Full time",,"Vocational course"
"PT. Jasa Teknologi Informasi IBM","SAP Group Reporting Consultant",,"Full time",,"Bachelor's Degree"
"PT. Adicipta Inovasi Teknologi (AdIns)","Quality Assurance Automation Engineer","Jl. Raya Kb. Jeruk No.80, RT.7/RW.1, Kb. Jeruk, Kec. Kb. Jeruk, Kota Jakarta Barat, Daerah Khusus Ibukota Jakarta 11530, Indonesia","Full time",IDR,"Bachelor's Degree"
"PT Panin Dai-Ichi Life (Bancassurance)","Bancassurance Officer (Area: Jakarta Pusat, Jakarta Utara, Jakarta Timur, Jakarta Selatan, Jakarta Barat))","Jalan Letjen S Parman, Kota Bambu Utara Kel., Palmerah","Full time",IDR,"Associate's Degree"
FIFGROUP,"Anti Fraud Management Officer","Menara FIF (Head Office)  Jl. TB Simatupang Kav 15 Cilandak, Jakarta Selatan 12440","Full time",,"Bachelor's Degree"
"PT BFI Finance Indonesia Tbk","Field Asset Management Cabang Solo","Head Office - BFI Tower Sunburst CBD Lot 1.2 Jl. Kapt. Soebijanto Djojohadikusumo BSD City Tangerang Selatan 15322","Full time",,"Vocational course"
"Pura Group","Sales Executive","77, Jalan Kresna, Jati Wetan Kel., Jati","Full time",,"Associate's Degree"
FinAccel,"3D Illustrator","Dipo Tower, Jl. Gatot Subroto No.Kav 50-52, RW.7, Petamburan, Kecamatan Tanah Abang, Jakarta, Daerah Khusus Ibukota Jakarta 10260","Full time",,"Bachelor's Degree"
"Kompas Gramedia","Public Relation Officer_Skytar Ventures_Universitas Multimedia Nusantara","Jl. Scientia Boulevard, Curug Sangereng, Kec. Klp. Dua, Kabupaten Tangerang, Banten 15810","Full time",,"Bachelor's Degree"
"Kompas Gramedia","Account Executive/Business Development - Marketspace (Digital Agency)","Jl. Palmerah Selatan No. 22-28. Jakarta, Indonesia, West Jakarta, DKI Jakarta, Indonesia","Full time",,"Bachelor's Degree"
"PT BFI Finance Indonesia Tbk","Staff Penagihan Kota Palembang",,"Full time",,"Bachelor's Degree"
"Kompas Gramedia","Strategic Marketing Officer Grid Network","Jl. Palmerah Selatan No. 22-28. Jakarta, Indonesia, West Jakarta, DKI Jakarta, Indonesia","Full time",,"Bachelor's Degree"
"Permata Bank","Corporate Governance","DKI Jakarta, Indonesia","Full time",,"Bachelor's Degree"
"PT BFI Finance Indonesia Tbk","Management Trainee Marketing Jabodetabek","Ruko Suncity Square, Marga Jaya Kel., Bekasi Selatan, Bekasi Kota, 17141, Indonesia","Full time",IDR,"Bachelor's Degree"
"Jaris & K","Project Engineer Coordinator","5, Jalan Cipete Raya, Cipete Selatan Kel., Cilandak","Full time",,"Bachelor's Degree"
"Permata Bank","Customer Experience Officer (CXO) - Medan",,"Full time",,"Bachelor's Degree"
"Mobius Digital","Java Backend","Perigi Baru Kel., Pondok Aren","Full time",,"Bachelor's Degree"
Renos.id,"Quality Assurance","Jalan Dr Ide Anak Agung Gde Agung, Jakarta 12950, Indonesia","Full time",,"Bachelor's Degree"
"CV.Dorskin Kreasi Indonesia","Brand Leader",,"Full time",,"Bachelor's Degree"
"PT BFI Finance Indonesia Tbk","Asset Recovery Car Officer Cabang Bekasi","Head Office - BFI Tower Sunburst CBD Lot 1.2 Jl. Kapt. Soebijanto Djojohadikusumo BSD City Tangerang Selatan 15322","Full time",,"Bachelor's Degree"
"PT Global Urban Esensial","Business Development Manager","Titan Center Lt. 12 |  Jl. Boulevard Bintaro Blok B7/B1 No. 5 Bintaro Jaya Sektor 7, South Tangerang, Banten, Indonesia","Full time",,"Bachelor's Degree"
KSPS,"Account Receivable","Blok A. 9, Jl. Lb. Bulus I No.12, RT.4/RW.6, Lb. Bulus, Kec. Cilandak, Kota Jakarta Selatan, Daerah Khusus Ibukota Jakarta 12440, Indonesia","Full time",,"Bachelor's Degree"
"VLink Inc","Business Analyst","Office 8 Sudirman Central Business District Suites, Scbd, Jakarta Selatan 12190, Indonesia","Full time",,"Bachelor's Degree"
"Aleph Labs","Android Developer (Contract Based)","Jl. Gatot Subroto, RT.3/RW.3, Kuningan, East Kuningan, South Jakarta City, Jakarta, Indonesia",Contractual,,"Bachelor's Degree"
"Bayan Group","Treasury Staff","Jalan Senopati, Senayan Kel., Kebayoran Baru","Full time",,"Bachelor's Degree"
"PT Teknologi Kuliner Kekinian (Runchise)","Backend Engineer","Green Office Park 9, Jl. BSD Green Office Park Jl. BSD Grand Boulevard, Sampora, Cisauk, Tangerang Regency, Banten 15345","Full time",,"Bachelor's Degree"
"PT Berlian Sistem Informasi","Fullstack Engineer","KTB Annex Building. Jl. Jendral A. Yani Pulomas. Jakarta 13120, East Jakarta, DKI Jakarta, Indonesia","Full time",IDR,"Bachelor's Degree"
Ivosights,"Customer Service English",,"Full time",,"Bachelor's Degree"
"OONA Insurance Indonesia",Bancassurance,"Jalan Jenderal Sudirman, Senayan Kel., Kebayoran Baru","Full time",,"Bachelor's Degree"
"Kompas Gramedia","Library Services Officer at Universitas Multimedia Nusantara","Jl. Scientia Boulevard, Curug Sangereng, Kec. Klp. Dua, Kabupaten Tangerang, Banten 15810","Full time",,"Bachelor's Degree"
FIFGROUP,"Regional Operational Support Officer","Menara FIF (Head Office)  Jl. TB Simatupang Kav 15 Cilandak, Jakarta Selatan 12440","Full time",,"Bachelor's Degree"
SKINTIFIC,"Content Specialist","Kuningan Timur Kel., Setia Budi",Contractual,,"Bachelor's Degree"
"Nomura Research Institute Indonesia","Scrum Master (SM)","Sahid Sudirman Center, Jl. Jend.Sudirman Kav.86","Full time",IDR,"Bachelor's Degree"
"Group Hijra (Hijra Bank, ALAMI P2PL)","SME | Commercial Financing Relationship Manager","Plaza 89, Jl. H. R. Rasuna Said Kav X7 No.6, RT.6/RW.7, Kuningan, Karet Kuningan, Kecamatan Setiabudi, Kota Jakarta Selatan, Daerah Khusus Ibukota Jakarta 12940","Full time",IDR,"Bachelor's Degree"
Dekoruma,"Design Trainer","Jl. Srengseng Raya No.11a, RT.2/RW.8, Srengseng, West Jakarta City, Jakarta, Indonesia",Contractual,IDR,"Bachelor's Degree"
SKINTIFIC,"Video Editor","Kuningan Timur Kel., Setia Budi",Contractual,,"Bachelor's Degree"
"Permata Bank","BAP Priority Acquisition Specialist (PAS) Jabodetabek","DKI Jakarta, Indonesia","Full time",,"Bachelor's Degree"
"Permata Bank","Mortgage Sales Specialist - Medan",,"Full time",,"Bachelor's Degree"
"PT BFI Finance Indonesia Tbk","Field Assset Management Cabang Kolaka","Head Office - BFI Tower Sunburst CBD Lot 1.2 Jl. Kapt. Soebijanto Djojohadikusumo BSD City Tangerang Selatan 15322","Full time",,"Bachelor's Degree"
"Kompas Gramedia","Store Superintendent Gramedia Aceh","Gramedia, Jalan Panglima Nyak Makam, Kota Baru Kel., Kuta Alam, Banda Aceh, 23125, Indonesia","Full time",,"Bachelor's Degree"
"Home Credit Indonesia","Internal Audit Specialist","Plaza Oleos, South Jakarta, DKI Jakarta, Indonesia","Full time",,"Bachelor's Degree"
"Rakamin Academy","Product Engineer Frontend","Kantorkuu Coworking Dan Office Space Agro, Jalan Yasmin Raya, RT06/RW04, Kuningan Timur Kel., Setia Budi, Jakarta Selatan, 12950, Indonesia","Full time",IDR,"Bachelor's Degree"
"OY! Indonesia","Internal Project Management Supervisor","Gedung Treasury Tower , Kawasan District 8 LOT 28, SCBD, Jl. Jend. sudirman kav 52-53, RT.5/RW.3, Senayan, Kec. Kby. Baru, Kota Jakarta Selatan, Daerah Khusus Ibukota Jakarta 12190, Indonesia",Contractual,,"Bachelor's Degree"
"Kompas Gramedia","Store Supervisor Gramedia Pekanbaru SKA","Mall SKA Lantai 2F No. 29 - 32 Jl. Soekarno Hatta - Sidomulyo Barat Pekanbaru 28294 - Indonesia (depan, matahari, Sidomulyo Tim., Kec. Marpoyan Damai, Kota Pekanbaru, Riau 28283","Full time",,"Bachelor's Degree"
Algoritma,"Business Development (B2B)","Menara Kadin, 5th Floor, Kuningan Timur Kel., Setia Budi, Jakarta Selatan, 12950, Indonesia","Full time",IDR,"Bachelor's Degree"
"PT BFI Finance Indonesia Tbk","Marketing Agency Car Product Penempatan Kuningan","Head Office - BFI Tower Sunburst CBD Lot 1.2 Jl. Kapt. Soebijanto Djojohadikusumo BSD City Tangerang Selatan 15322","Full time",IDR,"High School"
"Kompas Gramedia","Store Superintendent Gramedia Mall Kelapa Gading","Gramedia, Jalan Boulevard Barat Raya, RT15/RW08, Kelapa Gading Barat Kel., Kelapa Gading, Jakarta Utara, 14240, Indonesia","Full time",,"Bachelor's Degree"
"AVO Innovation Technology","Commercial Development Region Lead","Jalan Monjali, Sleman, Indonesia","Full time",,"Bachelor's Degree"
Code.id,"Frontend Developer","Jalan Letjen. S. Parman, Tanjung Duren Selatan Kel., Grogol Petamburan","Full time",,"Bachelor's Degree"
Lamudi.co.id,"Field Sales Representative",,"Full time",,"High School"
"PT BFI Finance Indonesia Tbk","Marketing Corporate Executive (MCE) Area Jambi","Jl. Prof. M Yamin SH No. 65 – 66 Rt. 29, Kel. Lebak Bandung, kec. Jelutung, Kota Jambi, Propinsi Jambi","Full time",IDR,"Bachelor's Degree"
"PT BFI Finance Indonesia Tbk","Customer Service cabang Jombang","Bfi Finance, Jombang Kel., Jombang, Jombang, 61415, Indonesia","Full time",,"Bachelor's Degree"
"Kompas Gramedia","GPU - Copy Editor - Non Fiksi","Jl. Palmerah Barat No. 29-37, Jakarta 10270","Full time",,"Bachelor's Degree"
FIFGROUP,"DevSecOps Engineer","Menara FIF (Head Office)  Jl. TB Simatupang Kav 15 Cilandak, Jakarta Selatan 12440","Full time",,
"Kompas Gramedia","Social Media Officer","Jalan Palmerah Barat 29, RT04/RW02, Gelora Kel., Tanah Abang, Jakarta Pusat, 10270, Indonesia","Full time",,"Bachelor's Degree"
"Kompas Gramedia","HR Learning & Development","Jl. Palmerah Selatan No. 22-28. Jakarta, Indonesia, West Jakarta, DKI Jakarta, Indonesia","Full time",,"Bachelor's Degree"
"PT BFI Finance Indonesia Tbk","Agency Relationship Executive BFI Cabang Tomohon","Jl. Samratulangi Lingkungan VI, samping Gereja, Matani 3, Tomohon Tengah, Kota Tomohon, Sulawesi Utara","Full time",IDR,"High School"
"Kompas Gramedia","Instructor in Animation_Multimedia Nusantara Polytechnic","Universitas Multimedia Nusantara, Jalan Scientia Boulevard, Curug Sangereng Kel., Kelapa Dua, Tangerang Kabupaten, 15834, Indonesia","Full time",,"Bachelor's Degree"
"PT BFI Finance Indonesia Tbk","Surveyor cabang Mojokerto","BFI Finance, Jalan Pahlawan, Mojokerto 61321, Indonesia","Full time",,"Bachelor's Degree"
"PT Dipo Star Finance","Digital Marketing (SEO, SEM, GDN Specialist)","8, Jalan Asia Afrika, Gelora Kel., Tanah Abang","Full time",IDR,"Bachelor's Degree"
"Kompas Gramedia","Account Executive","Jl. Prof. Dr. Ida Bagus Mantra No.88A, Ketewel, Kec. Gianyar, Kabupaten Gianyar, Bali 80237",Contractual,IDR,"Bachelor's Degree"
"PT Berlian Sistem Informasi","SOC Service Monitoring","KTB Annex Building. Jl. Jendral A. Yani Pulomas. Jakarta 13120, East Jakarta, DKI Jakarta, Indonesia",Contractual,,"Bachelor's Degree"
"Kompas Gramedia","Head of Program_Skystar Ventures at Universitas Multimedia Nusantara","Scientia Garden, Jl. Boulevard Gading Serpong, Tangerang - Banten","Full time",,"Bachelor's Degree"
"Bank Negara Indonesia","Officer Development Program (ODP) Batch 2024","Grha BNI Building, Jl. Jend. Sudirman Kav. 1, Daerah Khusus Ibu kota Jakarta 10220, Central Jakarta, DKI Jakarta, Indonesia","Full time",,"Bachelor's Degree"
"Astra Credit Companies (ACC)","AR Litigation Area Officer Sumbagut",,"Full time",,"Bachelor's Degree"
FIFGROUP,"Policy and Standardization Officer","Menara FIF (Head Office)  Jl. TB Simatupang Kav 15 Cilandak, Jakarta Selatan 12440","Full time",,"Bachelor's Degree"
"Kompas Gramedia","Tax Officer at KOMPAS TV","Jl. Palmerah Selatan No. 22-28. Jakarta, Indonesia, West Jakarta, DKI Jakarta, Indonesia","Full time",,"Bachelor's Degree"
"Langit Kreasi Solusindo","Account Executive Salesforce","Grand Slipi Tower, Jalan Letjen S Parman, RT01/RW04, Palmerah Kel., Palmerah, Jakarta Barat, 11480, Indonesia",Contractual,,"Bachelor's Degree"
"PT Fajar Gelora Inti","Finance Supervisor","Jalan Mangga Dua Selatan, Mangga Dua Selatan Kel., Sawah Besar","Full time",,"Bachelor's Degree"
"Group Hijra (Hijra Bank, ALAMI P2PL)","Consumer Business Intern","RT01/RW02, Jalan H R Rasuna Said, Karet Kuningan Kel., Setia Budi",Contractual,,"Bachelor's Degree"
"Mall Artha Gading","Project Engineer","Jalan Artha Gading Selatan, Kelapa Gading Barat Kel., Kelapa Gading","Full time",,"Bachelor's Degree"
"PT BFI Finance Indonesia Tbk","Marketing Agency Car Product Penempatan Cirebon","Head Office - BFI Tower Sunburst CBD Lot 1.2 Jl. Kapt. Soebijanto Djojohadikusumo BSD City Tangerang Selatan 15322","Full time",IDR,"High School"
"OONA Insurance Indonesia","Claim Handler Kendaraan Bermotor","Jalan Jenderal Sudirman, Senayan Kel., Kebayoran Baru","Full time",,"Bachelor's Degree"
"PT BFI Finance Indonesia Tbk","Marketing Agency Grobogan","Head Office - BFI Tower Sunburst CBD Lot 1.2 Jl. Kapt. Soebijanto Djojohadikusumo BSD City Tangerang Selatan 15322","Full time",,"Vocational course"
"PT. Adicipta Inovasi Teknologi (AdIns)","Supervisor Application Developer (.Net)","Jl. Raya Kb. Jeruk No.80, RT.7/RW.1, Kb. Jeruk, Kec. Kb. Jeruk, Kota Jakarta Barat, Daerah Khusus Ibukota Jakarta 11530, Indonesia","Full time",IDR,"Bachelor's Degree"
"Astra Credit Companies (ACC)","Creative Design","Jalan TB Simatupang Kav. 90. Jakarta Selatan. DKI Jakarta","Full time",,"Bachelor's Degree"
"Nomura Research Institute Indonesia","Unity Engineer","Karet Tengsin Kel., Tanah Abang","Full time",IDR,"Bachelor's Degree"
"Siloam Hospitals Group","Cybersecurity Intern","Karawaci, Tangerang Kota, JABODETABEK, Indonesia","Full time",IDR,"Bachelor's Degree"
"PT BFI Finance Indonesia Tbk","Surveyor Penempatan Solo",,"Full time",,"Bachelor's Degree"
"Kompas Gramedia","Account Executive","Jl. Palmerah Selatan No. 22-28. Jakarta, Indonesia, West Jakarta, DKI Jakarta, Indonesia","Full time",,"Bachelor's Degree"
"Astra Credit Companies (ACC)","Account Officer Light Vehicle","Jalan TB Simatupang Kav. 90. Jakarta Selatan. DKI Jakarta","Full time",,"Bachelor's Degree"
"OY! Indonesia","Product Manager","Gedung Treasury Tower , Kawasan District 8 LOT 28, SCBD, Jl. Jend. sudirman kav 52-53, RT.5/RW.3, Senayan, Kec. Kby. Baru, Kota Jakarta Selatan, Daerah Khusus Ibukota Jakarta 12190, Indonesia","Full time",,"Bachelor's Degree"
Nusantics,"Marketing Communication Executive","32, Jalan Suryo, Rawa Barat Kel., Kebayoran Baru","Full time",,"Bachelor's Degree"
FIFGROUP,"Tax Officer","Menara FIF (Head Office)  Jl. TB Simatupang Kav 15 Cilandak, Jakarta Selatan 12440","Full time",IDR,"Bachelor's Degree"
"PT BFI Finance Indonesia Tbk","Surveyor Kupang",,"Full time",,"Associate's Degree"
"PT IONPay Networks (NICEPAY)","Java Developer","EightyEight@Kota Kasablanka, 29th Floor, Unit A & H  Jl. Casablanca Raya Kav. 88, Tebet, Jakarta Selatan 12870, Indonesia","Full time",,"Bachelor's Degree"
"PT BFI Finance Indonesia Tbk","Marketing Agency Yogyakarta","Head Office - BFI Tower Sunburst CBD Lot 1.2 Jl. Kapt. Soebijanto Djojohadikusumo BSD City Tangerang Selatan 15322","Full time",,"High School"
"Kompas Gramedia","Account Manager at KG Radio Network","Gedung Perintis, Jalan Kebahagiaan, RT04/RW02, Krukut Kel., Tamansari, Jakarta Barat, 11140, Indonesia",Contractual,,"Bachelor's Degree"
"PT BFI Finance Indonesia Tbk","Organizational Development & Performance Management Specialist","Head Office - BFI Tower Sunburst CBD Lot 1.2 Jl. Kapt. Soebijanto Djojohadikusumo BSD City Tangerang Selatan 15322","Full time",,"Bachelor's Degree"
"PT BFI Finance Indonesia Tbk","Admin Processing - Branch Depok","Head Office - BFI Tower Sunburst CBD Lot 1.2 Jl. Kapt. Soebijanto Djojohadikusumo BSD City Tangerang Selatan 15322","Full time",,"Associate's Degree"
"PT Digivla Indonesia","Head of Production Media Monitoring","4, Jalan Senopati, Selong Kel., Kebayoran Baru","Full time",,"Bachelor's Degree"
"PT BFI Finance Indonesia Tbk","Field Collector cabang Banyuwangi","Bfi Finance, Jalan Letjen S Parman, Sumberrejo Kel., Banyuwangi, Banyuwangi, 68419, Indonesia","Full time",,"Associate's Degree"
"Aleph Labs","Back End Golang Developer","Jalan Gatot Subroto, RT.3/RW.3, Kuningan, East Kuningan, South Jakarta City, Jakarta, Indonesia",Contractual,,"Bachelor's Degree"
"PT BFI Finance Indonesia Tbk","Agency Relation Denpasar","555A, Jalan Imam Bonjol, Denpasar 80119, Indonesia","Full time",,"Associate's Degree"
"Jaris & K","Graphic Designer","5, Jalan Cipete Raya, Cipete Selatan Kel., Cilandak","Full time",,"Bachelor's Degree"
MileApp,"UI/UX Designer","Neo Soho, Jalan Letjen S Parman, RT03/RW05, Tanjung Duren Selatan Kel., Grogol Petamburan, Jakarta Barat, 11470, Indonesia","Full time",,"Bachelor's Degree"
"PT BFI Finance Indonesia Tbk","Marketing Relation Executive _ Bogor","Jl. Raya Tajur Raya Tajur No.118 E-F, RT.01/RW.06, Pakuan, Kec. Bogor Sel., Kota Bogor, Jawa Barat 16141","Full time",,"Bachelor's Degree"
FIFGROUP,"Junior Officer Development Program Batch 56","Menara FIF (Head Office)  Jl. TB Simatupang Kav 15 Cilandak, Jakarta Selatan 12440","Full time",,"Bachelor's Degree"
Alodokter,"Product Manager","No. 2, Jalan Dr.Ide Anak Agung Gde Agung Kav. E 4.2, RT.5/RW.2, Kuningan, Kuningan Tim., Kecamatan Setiabudi, Kota Jakarta Selatan, Daerah Khusus Ibukota Jakarta 12950, Indonesia","Full time",,"Bachelor's Degree"
"Kompas Gramedia","Post Press Operator","Jl. Raya Rancaekek KM 24. 5 Kav. D3 & D5, Rancaekek, Sawahdadap, Kec. Cimanggung, Kabupaten Sumedang, Jawa Barat","Full time",,"Bachelor's Degree"
Dekoruma,"Online Sales Live Streaming E Commerce","Ruko De Mansion Blok A. 10-12 Jl. Jalur Sutera, Kunciran, Pakualam, Kec. Pinang, Kota Tangerang, Banten 15320",Contractual,,"High School"
"PT Panin Dai-Ichi Life (Bancassurance)","Bancassurance Officer (Area: Surabaya, Bojonegoro, Serang, Bandung, Tangerang, Serpong))","Jalan Letjen S Parman, Kota Bambu Utara Kel., Palmerah","Full time",IDR,"Associate's Degree"
"Kompas Gramedia","Guru Komputer daerah Jawa Timur","Kompas Gramedia, Jalan Palmerah Barat, Jakarta 10270, Indonesia",Contractual,,"Bachelor's Degree"
"PT Fajar Gelora Inti","Public or Media Relations","Jalan Mangga Dua Selatan, Mangga Dua Selatan Kel., Sawah Besar","Full time",,"Bachelor's Degree"
"PT Bumi Amartha Teknologi Mandiri","IT Data Center Operator","Jalan Jenderal Sudirman, Karet Kel., Setiabudi","Full time",,"Bachelor's Degree"
"PT BFI Finance Indonesia Tbk","Human Capital Internship Denpasar","Jalan Gatot Subroto Barat no 170X Denpasar","Full time",,"Bachelor's Degree"
"PT. Adicipta Inovasi Teknologi (AdIns)","Information Technology System Analyst","Jl. Raya Kb. Jeruk No.80, RT.7/RW.1, Kb. Jeruk, Kec. Kb. Jeruk, Kota Jakarta Barat, Daerah Khusus Ibukota Jakarta 11530, Indonesia","Full time",IDR,"Bachelor's Degree"
"PT Bank Central Asia Tbk","Wealth Management Program (WMP)","Menara BCA, Grand Indonesia Jl. MH Thamrin No. 1, Jakarta 10310","Full time",,"Bachelor's Degree"
"Kompas Gramedia","Store Superintendent Gramedia Central Park","Toko Buku Gramedia - Central Park, Jalan Letjen S Parman, RT09/RW05, Tanjung Duren Selatan Kel., Grogol Petamburan, Jakarta Barat, 11470, Indonesia","Full time",,"Bachelor's Degree"
"PT Bank Central Asia Tbk","Relationship Officer","Central Jakarta, DKI Jakarta, Indonesia","Full time",,"Bachelor's Degree"
"OY! Indonesia","Business Development Specialist","Gedung Treasury Tower , Kawasan District 8 LOT 28, SCBD, Jl. Jend. sudirman kav 52-53, RT.5/RW.3, Senayan, Kec. Kby. Baru, Kota Jakarta Selatan, Daerah Khusus Ibukota Jakarta 12190, Indonesia",Contractual,,"Bachelor's Degree"
"PT BFI Finance Indonesia Tbk","Marketing Agency Solo","Head Office - BFI Tower Sunburst CBD Lot 1.2 Jl. Kapt. Soebijanto Djojohadikusumo BSD City Tangerang Selatan 15322","Full time",,"Vocational course"
"Kompas Gramedia","Discovery Analyst at CHR Kompas Gramedia","Jl. Palmerah Selatan No. 22-28. Jakarta, Indonesia, West Jakarta, DKI Jakarta, Indonesia",Contractual,,"Bachelor's Degree"
"PT Panin Dai-Ichi Life (Bancassurance)","Bancassurance Officer (Area: Banjarmasin, Padang, Bengkulu, Jambi, Medan, Pematang Siantar)","Jalan Letjen S Parman, Kota Bambu Utara Kel., Palmerah",Contractual,IDR,"Bachelor's Degree"
"PT Inti Corpora Teknologi","Human Resource Supervisor","46, Jalan Tanah Abang 2, Petojo Selatan Kel., Gambir","Full time",,"Bachelor's Degree"
"Kompas Gramedia","IT Broadcast Officer at KOMPAS TV","Jl. Palmerah Selatan No. 22-28. Jakarta, Indonesia, West Jakarta, DKI Jakarta, Indonesia","Full time",,"Bachelor's Degree"
"Rakamin Academy","Business Development Lead","Karet Tengsin, Tanahabang Jl. K.H. Mas Mansyur No.121 Level 2, RT.10/RW.11, Karet Tengsin, Kecamatan Tanah Abang, Kota Jakarta Pusat, Daerah Khusus Ibukota Jakarta 10220",Contractual,,"Bachelor's Degree"
"Mobius Digital","DevOps Engineer","Jakarta Utara, JABODETABEK, Indonesia","Full time",,"Bachelor's Degree"
"PT BFI Finance Indonesia Tbk","Customer Relation Executive Area Tangerang","Head Office - BFI Tower Sunburst CBD Lot 1.2 Jl. Kapt. Soebijanto Djojohadikusumo BSD City Tangerang Selatan 15322",Contractual,,"Bachelor's Degree"
"Kompas Gramedia","Freelance Copy Editor Novel","Jalan Palmerah Barat 29, RT04/RW02, Gelora Kel., Tanah Abang, Jakarta Pusat, 10270, Indonesia","Full time",,"Bachelor's Degree"
Quantyc.ai,".NET Developer",,"Full time",,"Bachelor's Degree"
"Kompas Gramedia","Parttime Associate Human Resource_Universitas Multimedia Nusantara","Jalan Scientia Boulevard Gading, Curug Sangereng, Serpong, Kabupaten Tangerang, Banten 15810","Part time",,"Bachelor's Degree"
"Nomura Research Institute Indonesia","Data Engineer (DE)","Karet Tengsin Kel., Tanah Abang","Full time",IDR,"Bachelor's Degree"
"Kompas Gramedia","Graphic Designer","Jalan Palmerah Barat 29, RT04/RW02, Gelora Kel., Tanah Abang, Jakarta Pusat, 10270, Indonesia","Full time",,"Bachelor's Degree"
"PT. Adicipta Inovasi Teknologi (AdIns)","Applications Developer (.NET)","Jl. Raya Kb. Jeruk No.80, RT.7/RW.1, Kb. Jeruk, Kec. Kb. Jeruk, Kota Jakarta Barat, Daerah Khusus Ibukota Jakarta 11530, Indonesia","Full time",IDR,"Bachelor's Degree"
"Cetta Online Class","Content Writer ElevaU","Jalan TB Simatupang, Tanjung Barat Kel., Jagakarsa",Freelance,,"Bachelor's Degree"
"Home Credit Indonesia","Telemarketing Associate","Plaza Oleos, South Jakarta, DKI Jakarta, Indonesia","Full time",,"Bachelor's Degree"
Accenture,"Application Designer","Wisma 46 Kota BNI—18th floor, Jl. Jendral Sudirman Kav. 1, Jakarta, DKI Jakarta 10220","Full time",,"Bachelor's Degree"
"Home Credit Indonesia","Telemarketing Associate","Plaza Oleos, South Jakarta, DKI Jakarta, Indonesia","Full time",IDR,"High School"
Quantyc.ai,"IT Cyber Security Engineer","Jalan Warung Buncit Raya",Contractual,,"Bachelor's Degree"
"Kompas Gramedia","Guru Komputer Jawa Tengah","Jl. Palmerah Barat No. 29-37, Jakarta, 10270 (Gedung Kompas Gramedia, Lt.4)","Full time",,"Bachelor's Degree"
"SMS Perkasa (PT Sumber Makmur Surya Perkasa)","Python Software Engineer","51, Jalan Bkr Pelajar, Ketabang Kel., Genteng","Full time",,"Bachelor's Degree"
"Kompas Gramedia","Elti Solo Branch Marketing Officer","Jl. Samratulangi No.12B, Manahan, Kec. Banjarsari, Jawa Tengah 57139","Full time",,"Bachelor's Degree"
Renos.id,"Fraud Analyst Associate","Kuningan Timur Kel., Setiabudi","Full time",IDR,"Bachelor's Degree"
"Great Giant Foods","IT System Support Staff",,"Full time",,"Bachelor's Degree"
"Howel and Co","Content Creator","Jembatan Besi Kel., Tambora","Full time",,"Bachelor's Degree"
"PT BFI Finance Indonesia Tbk","Creative Designer & Content Creator","Head Office - BFI Tower Sunburst CBD Lot 1.2 Jl. Kapt. Soebijanto Djojohadikusumo BSD City Tangerang Selatan 15322","Full time",,"Bachelor's Degree"
"PT BFI Finance Indonesia Tbk","Marketing Agency  Motorcycle Branch Bekasi 5 Cibubur","Head Office - BFI Tower Sunburst CBD Lot 1.2 Jl. Kapt. Soebijanto Djojohadikusumo BSD City Tangerang Selatan 15322",Contractual,,"Bachelor's Degree"
Nusantics,"QA & QC Lab Ops Lead","32, Jalan Suryo, Rawa Barat Kel., Kebayoran Baru","Full time",,"Bachelor's Degree"
"PT BFI Finance Indonesia Tbk","Business and Credit Data Analytic","Head Office - BFI Tower Sunburst CBD Lot 1.2 Jl. Kapt. Soebijanto Djojohadikusumo BSD City Tangerang Selatan 15322","Full time",,"Bachelor's Degree"
"Great Giant Foods","Bank Relation Junior Specialist","Jalan Jenderal Sudirman, Bendungan Hilir Kel., Tanah Abang","Full time",,"Bachelor's Degree"
"PT BFI Finance Indonesia Tbk","Marketing Agency (BPKB Motor) Area Bekasi","Head Office - BFI Tower Sunburst CBD Lot 1.2 Jl. Kapt. Soebijanto Djojohadikusumo BSD City Tangerang Selatan 15322","Full time",,"Bachelor's Degree"
"PT Bumi Amartha Teknologi Mandiri","Backend Developer","Jalan Jenderal Sudirman, Karet Kel., Setiabudi",Contractual,,"Bachelor's Degree"
"PT IONPay Networks (NICEPAY)","DevOps Engineer","EightyEight@Kota Kasablanka, 29th Floor, Unit A & H  Jl. Casablanca Raya Kav. 88, Tebet, Jakarta Selatan 12870, Indonesia","Full time",,"Bachelor's Degree"
"Mall Artha Gading","Supervisor Event","Jalan Artha Gading Selatan, Kelapa Gading Barat Kel., Kelapa Gading","Full time",,"Bachelor's Degree"
"Kompas Gramedia","Event Conceptor at Harian Kompas","Jl. Palmerah Selatan No. 22-28. Jakarta, Indonesia, West Jakarta, DKI Jakarta, Indonesia",Contractual,,"Bachelor's Degree"
"AVO Innovation Technology","Key Account Manager Offline Store","Jalan Monjali, Sinduadi, Mlati, Sleman","Full time",,"Bachelor's Degree"
"PT BFI Finance Indonesia Tbk","Credit Analyst Branch Bekasi 5","Head Office - BFI Tower Sunburst CBD Lot 1.2 Jl. Kapt. Soebijanto Djojohadikusumo BSD City Tangerang Selatan 15322",Contractual,,"Bachelor's Degree"
"PT Bumi Amartha Teknologi Mandiri","IT Quality Assurance","Jalan Jenderal Sudirman, Karet Kel., Setiabudi",Contractual,,"Bachelor's Degree"
"PT. Bank BCA Syariah","Account Officer (JKT, SMG, JOG, Solo, SBY, Medan, Palembang, Lampung, Banda Aceh, Panakkukang)","72, Jalan Jatinegara Timur, Bali Mester Kel., Jatinegara","Full time",,"Bachelor's Degree"
"Kompas Gramedia",Printer,"Jl. Raya Rancaekek KM 24. 5 Kav. D3 & D5, Rancaekek, Sawahdadap, Kec. Cimanggung, Kabupaten Sumedang, Jawa Barat","Full time",,"Bachelor's Degree"
"Wistkey Technologies Limited","Senior Software Developer",,"Full time",USD,"Bachelor's Degree"
"Kompas Gramedia","Account Executive Regional KompasTV",,"Full time",,"Bachelor's Degree"
"PT BFI Finance Indonesia Tbk","Marketing Executive Branch Depok","Head Office - BFI Tower Sunburst CBD Lot 1.2 Jl. Kapt. Soebijanto Djojohadikusumo BSD City Tangerang Selatan 15322","Full time",,"Associate's Degree"
"PT Kliring Penjaminan Efek Indonesia (KPEI)","Sekretaris Direksi","Jalan Jenderal Sudirman, Senayan Kel., Kebayoran Baru","Full time",,"Bachelor's Degree"
"PT BFI Finance Indonesia Tbk","Admin Magang Penempatan Lombok Barat","Head Office - BFI Tower Sunburst CBD Lot 1.2 Jl. Kapt. Soebijanto Djojohadikusumo BSD City Tangerang Selatan 15322","Full time",,"Associate's Degree"
"Bussan Auto Finance","Branch Head Dana Tunai","Jl. Tj. Barat Raya No.121, RT.14/RW.04, Kel, RT.8/RW.4, Tj. Bar., Kec. Jagakarsa, Kota Jakarta Selatan, Daerah Khusus Ibukota Jakarta 12530, Indonesia","Full time",,"Bachelor's Degree"
"AVO Innovation Technology","Key Account Executive General Trade","Jalan Monjali, Sleman, Indonesia","Full time",,"Bachelor's Degree"
"PT BFI Finance Indonesia Tbk","Marketing Agency (Car and Motorcycle Product) Penempatan Purwokerto Kab. Banyumas","Head Office - BFI Tower Sunburst CBD Lot 1.2 Jl. Kapt. Soebijanto Djojohadikusumo BSD City Tangerang Selatan 15322","Full time",IDR,"High School"
"Kompas Gramedia","Strategic Creative Marketing Officer at KOMPAS TV","Jl. Palmerah Selatan No. 22-28. Jakarta, Indonesia, West Jakarta, DKI Jakarta, Indonesia","Full time",,"Bachelor's Degree"
"PT BFI Finance Indonesia Tbk","Marketing Agency (Pasar Minggu & Kalibata)","Head Office - BFI Tower Sunburst CBD Lot 1.2 Jl. Kapt. Soebijanto Djojohadikusumo BSD City Tangerang Selatan 15322",Contractual,,"Bachelor's Degree"
"PT. Adicipta Inovasi Teknologi (AdIns)","Engineer on Duty","Jl. Raya Kb. Jeruk No.80, RT.7/RW.1, Kb. Jeruk, Kec. Kb. Jeruk, Kota Jakarta Barat, Daerah Khusus Ibukota Jakarta 11530, Indonesia","Full time",,"Bachelor's Degree"
Dekoruma,"Account Payable Staff","Jl. Srengseng Raya No.11a, RT.2/RW.8, Srengseng, West Jakarta City, Jakarta, Indonesia",Contractual,,"Bachelor's Degree"
"Nomura Research Institute Indonesia","Frontend Engineer (React.js)","Sahid Sudirman Center, Jakarta Pusat 10220, Indonesia","Full time",IDR,"Bachelor's Degree"
ICDX,"Personal Assistant","Jalan K H Fakhrudin, Kampung Bali Kel., Tanah Abang","Full time",,"Bachelor's Degree"
"PT BFI Finance Indonesia Tbk","Marketing Agency Car Branch Lampung","Jl. Gajah Mada No.55, Kota Baru, Kec. Tanjungkarang Timur, Kota Bandar Lampung, Lampung 35121","Full time",,"Associate's Degree"
"PT BFI Finance Indonesia Tbk","Marketing RO (CRE) Kota Palembang",Rajawali,"Full time",,"Bachelor's Degree"
"PT BFI Finance Indonesia Tbk","Marketing Agency Branch Salatiga","Head Office - BFI Tower Sunburst CBD Lot 1.2 Jl. Kapt. Soebijanto Djojohadikusumo BSD City Tangerang Selatan 15322","Full time",,"Vocational course"
"Bussan Auto Finance","Corporate Legal Specialist","Jl. Tj. Barat Raya No.121, RT.14/RW.04, Kel, RT.8/RW.4, Tj. Bar., Kec. Jagakarsa, Kota Jakarta Selatan, Daerah Khusus Ibukota Jakarta 12530, Indonesia","Full time",,"Bachelor's Degree"
"PT BFI Finance Indonesia Tbk","Branch Audit Specialist  Branch Bekasi 5 Cibubur","Mal Ciputra Cibubur, City Walk, RT05/RW11, Jatikarya Kel., Jatisampurna, Bekasi Kota, 17435, Indonesia","Full time",,"Bachelor's Degree"
"PT BFI Finance Indonesia Tbk","Admin Magang Penempatan Denpasar","Head Office - BFI Tower Sunburst CBD Lot 1.2 Jl. Kapt. Soebijanto Djojohadikusumo BSD City Tangerang Selatan 15322","Full time",,"Associate's Degree"
"PT BFI Finance Indonesia Tbk","Field Collection Penempatan Purwokerto Kab. Banyumas","Head Office - BFI Tower Sunburst CBD Lot 1.2 Jl. Kapt. Soebijanto Djojohadikusumo BSD City Tangerang Selatan 15322","Full time",IDR,"High School"
"PT BFI Finance Indonesia Tbk","Marketing Agency Branch Dharmasraya","Head Office - BFI Tower Sunburst CBD Lot 1.2 Jl. Kapt. Soebijanto Djojohadikusumo BSD City Tangerang Selatan 15322","Full time",,"Bachelor's Degree"
"CV.Dorskin Kreasi Indonesia","KOL Specialist","Ruko Dalton, Jalan Scientia Boulevard, Tangerang Kabupaten 15834, Indonesia","Full time",,
"PT BFI Finance Indonesia Tbk","Admin Magang Penempatan Tabanan","Head Office - BFI Tower Sunburst CBD Lot 1.2 Jl. Kapt. Soebijanto Djojohadikusumo BSD City Tangerang Selatan 15322","Full time",,"Associate's Degree"
FIFGROUP,"Data Analyst","Menara Astra (Head Office) Jalan Jenderal Sudirman KAV 5-6 10250 Tanah Abang Jakarta","Full time",,
"PT BFI Finance Indonesia Tbk","Credit Analyst Branch Depok","Head Office - BFI Tower Sunburst CBD Lot 1.2 Jl. Kapt. Soebijanto Djojohadikusumo BSD City Tangerang Selatan 15322",Contractual,,"Bachelor's Degree"
"Kompas Gramedia","Corporate Sales | DQ Lab Universitas Multimedia Nusantara","Skystar Ventures Coworking Space, Jalan Scientia Boulevard, Curug Sangereng Kel., Kelapa Dua, Tangerang Kabupaten, 15834, Indonesia",Contractual,,"Bachelor's Degree"
Itsavirus,"Senior Back End Developer",,"Full time",,"Bachelor's Degree"
Asani,"IT Support Officer","Roxy Mas, Cideng Kel., Gambir","Full time",IDR,"Bachelor's Degree"
Sribu,"Business Development Specialist","Jalan KH M Syafi'i Hadzami, Kebayoran Lama Utara Kel., Kebayoran Lama","Full time",IDR,"Associate's Degree"
"Howel and Co",Videographer,"Jembatan Besi Kel., Tambora","Full time",IDR,"Bachelor's Degree"
"PT IONPay Networks (NICEPAY)","Korean Interpreter","EightyEight@Kota Kasablanka, 29th Floor, Unit A & H  Jl. Casablanca Raya Kav. 88, Tebet, Jakarta Selatan 12870, Indonesia","Full time",,"Bachelor's Degree"
ICDX,"Network Security Engineer","Midpoint Place, Jalan K H Fakhrudin, Jakarta Pusat 10250, Indonesia","Full time",,"Bachelor's Degree"
"BOSNET Distribution Indonesia","IT Business Consultant (IT Sales)","Jalan Tebet Barat Dalam Raya, Tebet Barat Kel., Tebet","Full time",,"Bachelor's Degree"
"Systems Ltd.","Senior Project Manager Temenos","Jakarta, JABODETABEK, Indonesia","Full time",IDR,"Bachelor's Degree"
"PT BFI Finance Indonesia Tbk","Management Trainee","Head Office - BFI Tower Sunburst CBD Lot 1.2 Jl. Kapt. Soebijanto Djojohadikusumo BSD City Tangerang Selatan 15322","Full time",,"Bachelor's Degree"
"PT BFI Finance Indonesia Tbk","Marketing Agency cabang Mojokerto","BFI Finance, Jalan Pahlawan, Mojokerto 61321, Indonesia","Full time",,"Bachelor's Degree"
"Astra Credit Companies (ACC)","IT Security","Jl. Petung No.3-7, Papringan, Caturtunggal, Kec. Depok, Kabupaten Sleman, Daerah Istimewa Yogyakarta 55281","Full time",,"Bachelor's Degree"
"PT Bank Mandiri Taspen","Control Unit Partner Staff","31, Jalan Proklamasi, Pegangsaan Kel., Menteng","Full time",,"Bachelor's Degree"
"PT BFI Finance Indonesia Tbk","Admin Back Office Cabang Rembang","BFI Finance Rembang Jl. Pemuda No.3B, Tawangsari, Leteh, Kec. Rembang","Full time",,"Bachelor's Degree"
"PT BFI Finance Indonesia Tbk","Front Office Sales Advisor Branch Prabumulih","Head Office - BFI Tower Sunburst CBD Lot 1.2 Jl. Kapt. Soebijanto Djojohadikusumo BSD City Tangerang Selatan 15322","Full time",,"Bachelor's Degree"
"AVO Innovation Technology","Sales Trainer","Jalan Monjali, Sleman, Indonesia","Full time",,"Bachelor's Degree"
"PT BFI Finance Indonesia Tbk","Customer Relationship Executive (Cabang Bolaang Mongondow Utara)","Jl. Trans Sulawesi, Bolangitang, Kec. Bolang Itang Barat, Kabupaten Bolaang Mongondow Utara","Full time",,"Bachelor's Degree"
"Kompas Gramedia","Marketing Strategic Planner","Jl. Palmerah Selatan No. 22-28. Jakarta, Indonesia, West Jakarta, DKI Jakarta, Indonesia","Full time",,"Bachelor's Degree"
"PT BFI Finance Indonesia Tbk","Negosiator Penagihan Cabang Kudus","Jl. Jend. A. Yani, Krajan, Panjunan, Kec. Kota Kudus, Kabupaten Kudus","Full time",,"High School"
"PT Inti Corpora Teknologi","Frontend Developer","46, Jalan Tanah Abang 2, Petojo Selatan Kel., Gambir","Full time",IDR,"Bachelor's Degree"
"Kompas Gramedia","Account Executive at SonoraFM Jakarta","Gedung Perintis, Jalan Kebahagiaan, RT04/RW02, Krukut Kel., Tamansari, Jakarta Barat, 11140, Indonesia","Full time",,"Bachelor's Degree"
Dekoruma,"Jr Graphic Designer","Jl. Srengseng Raya No.11a, RT.2/RW.8, Srengseng, West Jakarta City, Jakarta, Indonesia",Contractual,,"Bachelor's Degree"
"PT BFI Finance Indonesia Tbk","Field Asset Management Penempatan Sumbawa","Jl. Diponegoro No.63, Bugis, Sumbawa, Nusa Tenggara Barat","Full time",,"Associate's Degree"
"PT. Indocyber Global Teknologi","Business Analyst (Insurance/Banking) Pakuwon Tower Recruitment Center IGLO","Pakuwon Tower - Jl Casablanca Raya Kav.88, RT.7/RW.6, Menteng Dalam, Kec. Tebet, Kota Jakarta Selatan, Daerah Khusus Ibukota Jakarta 12870","Full time",,"Bachelor's Degree"
"Kompas Gramedia","Head of Community_Skystar Ventures at Universitas Multimedia Nusantara","Scientia Garden, Jl. Boulevard Gading Serpong, Tangerang - Banten","Full time",,"Bachelor's Degree"
"PT BFI Finance Indonesia Tbk","Field Collector Branch Kota Pasuruan","BFI Finance KC Kota Pasuruan - Jl. Panglima Sudirman No.40A, Purworejo, Kec. Purworejo, Kota Pasuruan","Full time",IDR,"Bachelor's Degree"
Triyakom,"Bussiness Development","Jalan Jenderal Gatot Subroto, Kuningan Barat Kel., Mampang Prapatan","Full time",,"Bachelor's Degree"
"PT Inti Corpora Teknologi","Senior Business Analyst","46, Jalan Tanah Abang 2, Petojo Selatan Kel., Gambir","Full time",IDR,"Bachelor's Degree"
"PT. Indocyber Global Teknologi","QA Automation (DM)",,"Full time",,"Bachelor's Degree"
"Kompas Gramedia","Guru Informatika Jabodetabek","Jalan Palmerah Barat 29, RT04/RW02, Gelora Kel., Tanah Abang, Jakarta, 10270, Indonesia",Contractual,,"Bachelor's Degree"
"PT Bank Mandiri Taspen","Officer Development Program","31, Jalan Proklamasi, Pegangsaan Kel., Menteng","Full time",,"Bachelor's Degree"
Alodokter,"Content Writer","No. 2, Jalan Dr.Ide Anak Agung Gde Agung Kav. E 4.2, RT.5/RW.2, Kuningan, Kuningan Tim., Kecamatan Setiabudi, Kota Jakarta Selatan, Daerah Khusus Ibukota Jakarta 12950, Indonesia",Contractual,,"Bachelor's Degree"
"PT Berlian Sistem Informasi","Data Analyst","KTB Annex Building. Jl. Jendral A. Yani Pulomas. Jakarta 13120, East Jakarta, DKI Jakarta, Indonesia","Full time",,"Bachelor's Degree"
"PT Berlian Sistem Informasi","Cloud Engineer","4, KTB Annex Building. Jl. Jendral A. Yani Pulomas. Jakarta 13120, East Jakarta, DKI Jakarta, Indonesia","Full time",,"Bachelor's Degree"
"PT IONPay Networks (NICEPAY)","Partnership Officer","EightyEight@Kota Kasablanka, 29th Floor, Unit A & H  Jl. Casablanca Raya Kav. 88, Tebet, Jakarta Selatan 12870, Indonesia","Full time",,"Bachelor's Degree"
"Systems Ltd.","Senior Techno Functional Consultant Temenos","Jakarta, JABODETABEK, Indonesia","Full time",IDR,"Bachelor's Degree"
"PT BFI Finance Indonesia Tbk","Management Trainee Asset Kota Palembang","Head Office - BFI Tower Sunburst CBD Lot 1.2 Jl. Kapt. Soebijanto Djojohadikusumo BSD City Tangerang Selatan 15322","Full time",,"Bachelor's Degree"
"Kompas Gramedia","Warehouse Attendant","Jl. Raya Rancaekek KM 24. 5 Kav. D3 & D5, Rancaekek, Sawahdadap, Kec. Cimanggung, Kabupaten Sumedang, Jawa Barat",Contractual,,"High School"
"PT BFI Finance Indonesia Tbk","Agency Relation Penempatan Gianyar","Jl. Ciung Wanara No.17, Sukawati, Gianyar, Bali","Full time",,"Associate's Degree"
"PT BFI Finance Indonesia Tbk","Management Trainee Task Force Head Office","Head Office - BFI Tower Sunburst CBD Lot 1.2 Jl. Kapt. Soebijanto Djojohadikusumo BSD City Tangerang Selatan 15322","Full time",,"Bachelor's Degree"
"PT BFI Finance Indonesia Tbk","Admin Magang Penempatan Mataram","Head Office - BFI Tower Sunburst CBD Lot 1.2 Jl. Kapt. Soebijanto Djojohadikusumo BSD City Tangerang Selatan 15322","Full time",,"Associate's Degree"
FIFGROUP,"Area Instructor (ARINS)","Menara FIF (Head Office)  Jl. TB Simatupang Kav 15 Cilandak, Jakarta Selatan 12440","Full time",,"Bachelor's Degree"
"PT Berlian Sistem Informasi","Scrum Master","KTB Annex Building. Jl. Jendral A. Yani Pulomas. Jakarta 13120, East Jakarta, DKI Jakarta, Indonesia","Full time",,"Bachelor's Degree"
"PT BFI Finance Indonesia Tbk","Management Trainee Asset Collection Lampung","Jl. Gajah Mada No.55, Kota Baru, Kec. Tanjungkarang Timur, Kota Bandar Lampung, Lampung 35121","Full time",,"Bachelor's Degree"
"Jaris & K","Account Manager","5, Jalan Cipete Raya, Cipete Selatan Kel., Cilandak","Full time",,"Bachelor's Degree"
"PT BFI Finance Indonesia Tbk","Agency Relationship Executive Motorcycle Surabaya","Jl. Ngagel Jaya No.39, Pucang Sewu, Kec. Gubeng, Surabaya, Jawa Timur 60282","Full time",,"Bachelor's Degree"
"PT Global Urban Esensial","DevOps Engineer","Titan Center Lt. 12 |  Jl. Boulevard Bintaro Blok B7/B1 No. 5 Bintaro Jaya Sektor 7, South Tangerang, Banten, Indonesia","Full time",,"Bachelor's Degree"
"PT BFI Finance Indonesia Tbk","Managament Trainee Verifikator Jabodetabek","Ruko Suncity Square, Marga Jaya Kel., Bekasi Selatan, Bekasi Kota, 17141, Indonesia","Full time",IDR,"Bachelor's Degree"
Accenture,"Java Spring Boot Developer","Wisma 46 Kota BNI—18th floor, Jl. Jendral Sudirman Kav. 1, Jakarta, DKI Jakarta 10220","Full time",,"Bachelor's Degree"
FIFGROUP,"Litigation Officer","Menara FIF (Head Office)  Jl. TB Simatupang Kav 15 Cilandak, Jakarta Selatan 12440","Full time",,"Bachelor's Degree"
"PT BFI Finance Indonesia Tbk","Marketing Agency Cabang Jepara","Head Office - BFI Tower Sunburst CBD Lot 1.2 Jl. Kapt. Soebijanto Djojohadikusumo BSD City Tangerang Selatan 15322","Full time",,"Vocational course"
"Kompas Gramedia","Fisioterapi Okupasi","Jl. Palmerah Selatan No. 22-28. Jakarta, Indonesia, West Jakarta, DKI Jakarta, Indonesia","Full time",,"Vocational course"
"Kompas Gramedia","Maintenance Technician","Jl. Rungkut Industri III No.68-70, Rungkut Tengah, Kec. Gn. Anyar, Surabaya, Jawa Timur 60293",Contractual,,"Bachelor's Degree"
"Kompas Gramedia","Data Analyst KG Media","Jl. Palmerah Selatan No. 22-28. Jakarta, Indonesia, West Jakarta, DKI Jakarta, Indonesia","Full time",,"Bachelor's Degree"
"PT BFI Finance Indonesia Tbk","Management Trainee (Credit Analyst) CMTP","BFI Finance Palu Kredit Sepeda Motor, Kredit Mobil  Alamat : Ruko Moh. Hatta Center Jl. Dr. Moh. Hatta No. 21 D-E RT 11, RW 03, Kel. Besusu Tengah, Kec. Palu Timur Kota Palu 94111 No. Telepon : (0451) 422 678, Fax : (0451) 426 875","Full time",,"Bachelor's Degree"
Dekoruma,"Sales Design Advisor","Jl. Srengseng Raya No.11a, RT.2/RW.8, Srengseng, West Jakarta City, Jakarta, Indonesia",Contractual,,"High School"
"PT BFI Finance Indonesia Tbk","Penagihan Lapangan Pembiayaan Jakarta Barat","Head Office - BFI Tower Sunburst CBD Lot 1.2 Jl. Kapt. Soebijanto Djojohadikusumo BSD City Tangerang Selatan 15322","Full time",,"Bachelor's Degree"
"PT Berlian Sistem Informasi","Product Owner","KTB Annex Building. Jl. Jendral A. Yani Pulomas. Jakarta 13120, East Jakarta, DKI Jakarta, Indonesia","Full time",,"Bachelor's Degree"
"Wistkey Technologies Limited","Blockchain Developer | Remote Job, International Company",,"Full time",USD,"Bachelor's Degree"
"Nomura Research Institute Indonesia","Frontend Engineer (Flutter)","Karet Tengsin Kel., Tanah Abang",Contractual,IDR,"Bachelor's Degree"
"SMS Perkasa (PT Sumber Makmur Surya Perkasa)","Transport Coordinator","51, Jalan Bkr Pelajar, Ketabang Kel., Genteng","Full time",,"Associate's Degree"
"Pura Group","Mechanical Engineer","77, Jalan Kresna, Jati Wetan Kel., Jati","Full time",,"Associate's Degree"
"Kompas Gramedia","Freelance Sekretaris Redaksi KOMPAS.com","Jl. Palmerah Selatan No. 22-28. Jakarta, Indonesia, West Jakarta, DKI Jakarta, Indonesia","Full time",,"Bachelor's Degree"
Dekoruma,"Drafter Intern Semarang","Jl. Ahmad Yani No.136C, Karangkidul, Kec. Semarang Tengah, Kota Semarang, Jawa Tengah 50136",Contractual,,"Bachelor's Degree"
TaxPrime,"Head of Sales & Marketing","Jalan H R Rasuna Said, Karet Kuningan Kel., Setiabudi","Full time",,"Bachelor's Degree"
"Kompas Gramedia","Secretary Gramedia x Kadokawa","Jalan Palmerah Barat 29, RT04/RW02, Gelora Kel., Tanah Abang, Jakarta Pusat, 10270, Indonesia","Full time",,"Bachelor's Degree"
"Kompas Gramedia","Business Development Executive",,"Full time",,"Bachelor's Degree"
"Systems Ltd.","Senior Transact Developer","Jakarta, JABODETABEK, Indonesia","Full time",IDR,"Bachelor's Degree"
"PT. Adicipta Inovasi Teknologi (AdIns)","Data Analytics Manager","Jl. Raya Kb. Jeruk No.80, RT.7/RW.1, Kb. Jeruk, Kec. Kb. Jeruk, Kota Jakarta Barat, Daerah Khusus Ibukota Jakarta 11530, Indonesia","Full time",IDR,"Bachelor's Degree"
"PT BFI Finance Indonesia Tbk","Marketing Agency (Car and Motorcycle Product) Penempatan Pekalongan","Head Office - BFI Tower Sunburst CBD Lot 1.2 Jl. Kapt. Soebijanto Djojohadikusumo BSD City Tangerang Selatan 15322","Full time",IDR,"High School"
"PT BFI Finance Indonesia Tbk","Management Trainee Verifikator Lampung","Jl. Gajah Mada No.55, Kota Baru, Kec. Tanjungkarang Timur, Kota Bandar Lampung, Lampung 35121","Full time",,"Bachelor's Degree"
"BOSNET Distribution Indonesia","Software Developer","Jalan Tebet Barat Dalam Raya, Tebet Barat Kel., Tebet","Full time",,"Associate's Degree"
"PT BFI Finance Indonesia Tbk","Verifikator Motorcyle Branch Depok","Head Office - BFI Tower Sunburst CBD Lot 1.2 Jl. Kapt. Soebijanto Djojohadikusumo BSD City Tangerang Selatan 15322","Full time",,"Associate's Degree"
"PT BFI Finance Indonesia Tbk","Operation Quality Assurance Data Analyst","Head Office - BFI Tower Sunburst CBD Lot 1.2 Jl. Kapt. Soebijanto Djojohadikusumo BSD City Tangerang Selatan 15322","Full time",,"Bachelor's Degree"
"Kompas Gramedia","Lecturer in Film - Universitas Multimedia Nusantara","Scientia Garden, Jl. Boulevard Gading Serpong. Tangerang","Full time",,"Master's Degree"
"Aleph Labs","Drupal Developer [Contract Based]","Jalan Gatot Subroto, RT.3/RW.3, Kuningan, East Kuningan, South Jakarta City, Jakarta, Indonesia",Contractual,,"Bachelor's Degree"
"Kompas Gramedia","Business Development Executive","Jl. Palmerah Selatan No. 22-28. Jakarta, Indonesia, West Jakarta, DKI Jakarta, Indonesia","Full time",,"Bachelor's Degree"
"PT. Indocyber Global Teknologi","Business System Analyst (Insurance/Banking) DM",,Contractual,,"Bachelor's Degree"
FIFGROUP,"Accounting Specialist","Astra Tower, Jalan Jenderal Sudirman, RT10/RW11, Karet Tengsin Kel., Tanah Abang, Jakarta Pusat, 10220, Indonesia","Full time",,
"Aleph Labs","Java Developer (Contract Based)","Jalan Jenderal Gatot Subroto, Karet Semanggi Kel., Setiabudi",Contractual,,"Bachelor's Degree"
"Kompas Gramedia","Event Executor at Harian Kompas","Jl. Palmerah Selatan No. 22-28. Jakarta, Indonesia, West Jakarta, DKI Jakarta, Indonesia",Contractual,,"Bachelor's Degree"
"Kompas Gramedia","Store Supervisor - Gramedia Pamulang",Palmerah,"Full time",,"Bachelor's Degree"
"PT BFI Finance Indonesia Tbk","Management Trainee Asset Management Penagihan","Head Office - BFI Tower Sunburst CBD Lot 1.2 Jl. Kapt. Soebijanto Djojohadikusumo BSD City Tangerang Selatan 15322","Full time",,"Bachelor's Degree"
"Kompas Gramedia","Product Officer at KG Radio Network","Gedung Perintis, Jalan Kebahagiaan, RT04/RW02, Krukut Kel., Tamansari, Jakarta Barat, 11140, Indonesia",Contractual,,"Bachelor's Degree"
"PT. Jaya Kreasi Indonesia",Tax,"Serpong Utara, Tangerang Selatan, JABODETABEK, Indonesia",Contractual,,"Bachelor's Degree"
FIFGROUP,"Joint Finance Specialist","Menara FIF (Head Office)  Jl. TB Simatupang Kav 15 Cilandak, Jakarta Selatan 12440","Full time",,
"Kompas Gramedia","Student Support Officer at Universitas Multimedia Nusantara","Jalan Scientia Boulevard Gading, Curug Sangereng, Serpong, Kabupaten Tangerang, Banten 15810","Part time",,"Master's Degree"
"PT BFI Finance Indonesia Tbk","Marketing Agency Gresik","Tanjung Permai Regency, Jalan Kpt Dulasim Rotan, Singosari Kel., Kebomas, Gresik, 61121, Indonesia","Full time",,"Bachelor's Degree"
Renos.id,"Business Project Manager","Kuningan Timur Kel., Setiabudi","Full time",,"Bachelor's Degree"
KSPS,"Account Executive Mandarin Speaker","Blok A. 9, Jl. Lb. Bulus I No.12, RT.4/RW.6, Lb. Bulus, Kec. Cilandak, Kota Jakarta Selatan, Daerah Khusus Ibukota Jakarta 12440, Indonesia","Full time",,"Bachelor's Degree"
"PT BFI Finance Indonesia Tbk","Management Trainee Collection Area Sulselbar","Head Office - BFI Tower Sunburst CBD Lot 1.2 Jl. Kapt. Soebijanto Djojohadikusumo BSD City Tangerang Selatan 15322","Full time",,"Bachelor's Degree"
"PT BFI Finance Indonesia Tbk","Branch Implementation and Incentive Management Specialist","Head Office - BFI Tower Sunburst CBD Lot 1.2 Jl. Kapt. Soebijanto Djojohadikusumo BSD City Tangerang Selatan 15322","Full time",,"Bachelor's Degree"
"PT BFI Finance Indonesia Tbk","Collector Penempatan Lombok Barat","Head Office - BFI Tower Sunburst CBD Lot 1.2 Jl. Kapt. Soebijanto Djojohadikusumo BSD City Tangerang Selatan 15322","Full time",,"Associate's Degree"
"Astra Credit Companies (ACC)","Junior Leadership Development Program","Jalan TB Simatupang Kav. 90. Jakarta Selatan. DKI Jakarta","Full time",,"Bachelor's Degree"
"PT BFI Finance Indonesia Tbk","Customer Service Branch Malang","BFI Finance KC Malang Kota - Jl. Tumenggung Suryo No. 42, Bunulrejo, Kec. Blimbing, Kota Malang","Full time",IDR,"Bachelor's Degree"
TaxPrime,"Project Tracker","Jalan H R Rasuna Said, Karet Kuningan Kel., Setiabudi","Full time",,"Bachelor's Degree"
"Bussan Auto Finance","Management Development Program","Jl. Tj. Barat Raya No.121, RT.14/RW.04, Kel, RT.8/RW.4, Tj. Bar., Kec. Jagakarsa, Kota Jakarta Selatan, Daerah Khusus Ibukota Jakarta 12530, Indonesia","Full time",,"Bachelor's Degree"
"Kompas Gramedia","Guru Komputer Jakarta","Jl. Palmerah Barat No. 29-37, Jakarta, 10270 (Gedung Kompas Gramedia, Lt.4)","Full time",,"Bachelor's Degree"
"Mitramas Infosys Global","Associate Product Manager","Jalan Tebet Raya No.42, RT.3/RW.2, East Tebet, South Jakarta City, Jakarta, Indonesia","Full time",IDR,"Bachelor's Degree"
"Nomura Research Institute Indonesia","Professional Product Owner (PO)","Karet Tengsin Kel., Tanah Abang","Full time",IDR,"Bachelor's Degree"
Dekoruma,"Drafter Interior Residential Surabaya","Jl. Mayjen HR. Muhammad No.96, Pradahkalikendal, Kec. Dukuhpakis, Surabaya, Jawa Timur 60226",Contractual,,"Bachelor's Degree"
"PT BFI Finance Indonesia Tbk","Marketing Agency Surabaya Sukomanunggal","Jl. Pattimura No.14, RT.06/RW.06, Sonokwijenan, Kec. Sukomanunggal, Surabaya, Jawa Timur 60189","Full time",,"Bachelor's Degree"
Alodokter,"Junior Data Engineer","No. 2, Jalan Dr.Ide Anak Agung Gde Agung Kav. E 4.2, RT.5/RW.2, Kuningan, Kuningan Tim., Kecamatan Setiabudi, Kota Jakarta Selatan, Daerah Khusus Ibukota Jakarta 12950, Indonesia","Full time",,"Bachelor's Degree"
"PT BFI Finance Indonesia Tbk","Marketing Agency (Galaxy & Harapan Indah)","Head Office - BFI Tower Sunburst CBD Lot 1.2 Jl. Kapt. Soebijanto Djojohadikusumo BSD City Tangerang Selatan 15322","Full time",,"Bachelor's Degree"
"PT BFI Finance Indonesia Tbk","Marketing Agency (Car and Motorcycle Product) Penempatan Kebumen","Head Office - BFI Tower Sunburst CBD Lot 1.2 Jl. Kapt. Soebijanto Djojohadikusumo BSD City Tangerang Selatan 15322","Full time",IDR,"High School"
"PT Bumi Amartha Teknologi Mandiri","Project Manager","Jalan Jenderal Sudirman, Karet Kel., Setiabudi","Full time",,"Bachelor's Degree"
"PT BFI Finance Indonesia Tbk","Central Operation Leader","Head Office - BFI Tower Sunburst CBD Lot 1.2 Jl. Kapt. Soebijanto Djojohadikusumo BSD City Tangerang Selatan 15322","Full time",,"Bachelor's Degree"
"Kompas Gramedia","Data Scientist KG Media","Jl. Palmerah Selatan No. 22-28. Jakarta, Indonesia, West Jakarta, DKI Jakarta, Indonesia",Contractual,,"Bachelor's Degree"
"Kompas Gramedia","Lecturer in Informatics - Universitas Multimedia Nusantara","Scientia Garden, Jl. Boulevard Gading Serpong. Tangerang","Full time",,Doctorate
"Kompas Gramedia","Business Development Executive","Jl. Palmerah Selatan No. 22-28. Jakarta, Indonesia, West Jakarta, DKI Jakarta, Indonesia","Full time",,"Bachelor's Degree"
"PT BFI Finance Indonesia Tbk","Centralized Processing Team Leader","Head Office - BFI Tower Sunburst CBD Lot 1.2 Jl. Kapt. Soebijanto Djojohadikusumo BSD City Tangerang Selatan 15322","Full time",,"Bachelor's Degree"
"Aleph Labs","iOS Developer","Jl. Gatot Subroto, RT.3/RW.3, Kuningan, East Kuningan, South Jakarta City, Jakarta, Indonesia",Contractual,,"Bachelor's Degree"
"Kompas Gramedia","Marketing Creative Planne","Jl. Palmerah Selatan No. 22-28. Jakarta, Indonesia, West Jakarta, DKI Jakarta, Indonesia","Full time",,"Bachelor's Degree"
Dekoruma,"Drafter Interior Residential Jakarta","Jl. Jend. Sudirman No.1078, Sungai Pangeran, Kec. Ilir Tim. I, Kota Palembang, Sumatera Selatan 30121",Contractual,,"Bachelor's Degree"
"Aleph Labs","UI/UX Designer (Contract Based)","Jalan Jenderal Gatot Subroto, Karet Semanggi Kel., Setiabudi",Contractual,,"Bachelor's Degree"
SKINTIFIC,"Host Live Streaming","Jalan Dr Ide Anak Agung Gde Agung, Kuningan Timur Kel., Setiabudi",Contractual,,"Bachelor's Degree"
"PT BFI Finance Indonesia Tbk","Marketing Agency ARE Area Tangerang","Head Office - BFI Tower Sunburst CBD Lot 1.2 Jl. Kapt. Soebijanto Djojohadikusumo BSD City Tangerang Selatan 15322",Contractual,,"Bachelor's Degree"
"PT BFI Finance Indonesia Tbk","Agency Relationship Executive BFI Cabang Bitung","Jl. Wolter Monginsidi No.45, Kel. Girian Bawah, Kec. Girian, Kota Bitung","Full time",IDR,"High School"
"Kompas Gramedia","Account Executive KG Media","Jl. Palmerah Selatan No. 22-28. Jakarta, Indonesia, West Jakarta, DKI Jakarta, Indonesia","Full time",,"Bachelor's Degree"
"Siloam Hospitals Group","IT Operation Support Staff","Cipondoh Indah Kel., Cipondoh",Contractual,IDR,"Bachelor's Degree"
FIFGROUP,"Junior Officer Development Program","Menara FIF (Head Office)  Jl. TB Simatupang Kav 15 Cilandak, Jakarta Selatan 12440","Full time",,"Bachelor's Degree"
"PT BFI Finance Indonesia Tbk","Management Trainee Credit Analyst Alat Berat dan Machinery","Head Office - BFI Tower Sunburst CBD Lot 1.2 Jl. Kapt. Soebijanto Djojohadikusumo BSD City Tangerang Selatan 15322","Full time",,"Bachelor's Degree"
"PT Bumi Amartha Teknologi Mandiri","IT Business Analyst","Jalan Jenderal Sudirman, Karet Kel., Setiabudi","Full time",,"Bachelor's Degree"
FinAccel,"Software Engineer, Data","Dipo Tower, Jl. Gatot Subroto No.Kav 50-52, RW.7, Petamburan, Kecamatan Tanah Abang, Jakarta, Daerah Khusus Ibukota Jakarta 10260","Full time",,"Bachelor's Degree"
"Magna Solusi Indonesia","Account Executive","88, Jalan Casablanca, Menteng Dalam Kel., Tebet","Full time",IDR,"Bachelor's Degree"
"PT BFI Finance Indonesia Tbk","Management Trainee Marketing Kota Palembang","Head Office - BFI Tower Sunburst CBD Lot 1.2 Jl. Kapt. Soebijanto Djojohadikusumo BSD City Tangerang Selatan 15322","Full time",,"Bachelor's Degree"
"PT BFI Finance Indonesia Tbk","Field Collection Penempatan Banjarnegara","Head Office - BFI Tower Sunburst CBD Lot 1.2 Jl. Kapt. Soebijanto Djojohadikusumo BSD City Tangerang Selatan 15322","Full time",IDR,"High School"
"Kompas Gramedia","Retail Channel & Distribution Superintendent","Jalan Palmerah Barat 29, RT04/RW02, Gelora Kel., Tanah Abang, Jakarta Pusat, 10270, Indonesia","Full time",,"Bachelor's Degree"
"PT. Tiki Jalur Nugraha Ekakurir (JNE)",Telesales,,"Full time",,"Associate's Degree"
"SMS Perkasa (PT Sumber Makmur Surya Perkasa)","Warehouse Coordinator","Jalan Palem Manis Raya, Gandasari Kel., Jati Uwung, Tangerang Kota, 15137, Indonesia","Full time",,"Bachelor's Degree"
"Kompas Gramedia","Internal Auditor [Corporate Comptroller]","Jl. Palmerah Selatan No. 22-28. Jakarta, Indonesia, West Jakarta, DKI Jakarta, Indonesia","Full time",,"Bachelor's Degree"
"PT BFI Finance Indonesia Tbk","Field Collection Motorcycle Penempatan Indramayu","Head Office - BFI Tower Sunburst CBD Lot 1.2 Jl. Kapt. Soebijanto Djojohadikusumo BSD City Tangerang Selatan 15322","Full time",IDR,"High School"
"Home Credit Indonesia","Finance Business Partner","Plaza Oleos, South Jakarta, DKI Jakarta, Indonesia","Full time",,"Bachelor's Degree"
"PT Global Urban Esensial","Freelance QC GoApotik","Titan Center Lt. 12 |  Jl. Boulevard Bintaro Blok B7/B1 No. 5 Bintaro Jaya Sektor 7, South Tangerang, Banten, Indonesia",Freelance,,"Bachelor's Degree"
"PT. Bank BCA Syariah","Full Stack Developer","72, Jalan Jatinegara Timur, Bali Mester Kel., Jatinegara","Full time",,"Bachelor's Degree"
"PT BFI Finance Indonesia Tbk","Principal Backend Engineer","Head Office - BFI Tower Sunburst CBD Lot 1.2 Jl. Kapt. Soebijanto Djojohadikusumo BSD City Tangerang Selatan 15322","Full time",,"Bachelor's Degree"
Code.id,".Net Developer","Jalan Letjen. S. Parman, Tanjung Duren Selatan Kel., Grogol Petamburan","Full time",,"Bachelor's Degree"
"PT BFI Finance Indonesia Tbk","Management Trainee Marketing","Head Office - BFI Tower Sunburst CBD Lot 1.2 Jl. Kapt. Soebijanto Djojohadikusumo BSD City Tangerang Selatan 15322","Full time",,"Bachelor's Degree"
"PT BFI Finance Indonesia Tbk","Agency Relationship Executive Car Surabaya","Jl. Ngagel Jaya No.39, Pucang Sewu, Kec. Gubeng, Surabaya, Jawa Timur 60282","Full time",,"Bachelor's Degree"
"Kompas Gramedia","Fulltime Lecturer in Architecture_Universitas Multimedia Nusantara","Scientia Garden, Jl. Boulevard Gading Serpong. Tangerang","Full time",,"Master's Degree"
"Magna Solusi Indonesia","Full Stack Developer","88, Jalan Casablanca, Menteng Dalam Kel., Tebet","Full time",IDR,"Associate's Degree"
"Nomura Research Institute Indonesia","Backend Engineer (Node.js)","Sahid Sudirman Center, Jl. Jend. Sudirman Kav 86","Full time",IDR,"Bachelor's Degree"
"PT Kliring Penjaminan Efek Indonesia (KPEI)","Staf Unit Pengembangan Sistem Bisnis","Gedung Bursa Efek Indonesia Tower I Lantai 5 Jln. Jenderal Sudirman kavling 52-53 Jakarta 12190, Indonesia","Full time",,"Bachelor's Degree"
"PT Global Urban Esensial","Senior Account & Partnership","Titan Center Lt. 12 |  Jl. Boulevard Bintaro Blok B7/B1 No. 5 Bintaro Jaya Sektor 7, South Tangerang, Banten, Indonesia","Full time",,"Bachelor's Degree"
"Astra Credit Companies (ACC)","SEO Writer Internship","Jl. Pringgodani No.1A, Mrican, Caturtunggal, Kec. Depok, Kabupaten Sleman, Daerah Istimewa Yogyakarta 55281","Full time",,"Bachelor's Degree"
"Kompas Gramedia","Guru Komputer","Jl. Palmerah Barat No. 29-37, Jakarta, 10270 (Gedung Kompas Gramedia, Lt.4)",Contractual,,"Bachelor's Degree"
"PT Bumi Amartha Teknologi Mandiri","DevOps Engineer","Chase Plaza, Jalan Jenderal Sudirman, Jakarta Selatan 12920, Indonesia",Contractual,,"Bachelor's Degree"
"Kompas Gramedia","Business Development MCN","Jl. Palmerah Sel. No.21, RT.4/RW.2, Gelora, Kecamatan Tanah Abang, Kota Jakarta Pusat, Daerah Khusus Ibukota Jakarta 10270","Full time",,"Bachelor's Degree"
"EF EFEKTA English for Adults","Corporate Account Executive","30, Jalan M H Thamrin, Gondangdia Kel., Menteng","Full time",,"Bachelor's Degree"
Dekoruma,"Dekoruma Designer Bali",,Contractual,,"Bachelor's Degree"
FIFGROUP,"IT Project Management Officer","Menara FIF (Head Office)  Jl. TB Simatupang Kav 15 Cilandak, Jakarta Selatan 12440","Full time",,"Bachelor's Degree"
FIFGROUP,"Head of Legal and Compliance","Menara Astra  Jl. Jenderal Sudirman No.Kav.5-6, RT.10/RW.6, Karet Tengsin, Kecamatan Tanah Abang, Kota Jakarta Pusat, Daerah Khusus Ibukota Jakarta 10220","Full time",,
"Kompas Gramedia","Pricing Officer","Jl. Palmerah Selatan No. 22-28. Jakarta, Indonesia, West Jakarta, DKI Jakarta, Indonesia","Full time",,"Bachelor's Degree"
Dekoruma,"Merchandising Officer","Jl. Srengseng Raya No.11a, RT.2/RW.8, Srengseng, West Jakarta City, Jakarta, Indonesia","Full time",,"Bachelor's Degree"
"PT Bank Central Asia Tbk","Management Development Program (MDP)","Central Jakarta, DKI Jakarta, Indonesia","Full time",,"Bachelor's Degree"
"PT BFI Finance Indonesia Tbk","Credit Marketing Syariah Penempatan Cabang Mataram","Head Office - BFI Tower Sunburst CBD Lot 1.2 Jl. Kapt. Soebijanto Djojohadikusumo BSD City Tangerang Selatan 15322","Full time",,"Bachelor's Degree"
Dekoruma,"B2B Sales Executive","Jl. Srengseng Raya No.11a, RT.2/RW.8, Srengseng, West Jakarta City, Jakarta, Indonesia",Contractual,,"Bachelor's Degree"
"Kompas Gramedia","Elex Fiction Book Designer","Jalan Palmerah Barat, Palmerah Kel., Palmerah, Jakarta Barat, 11480, Indonesia","Full time",,"Bachelor's Degree"
Nusantics,"Area Sales Representative",,"Full time",,"Bachelor's Degree"
"Kompas Gramedia","Sales Manager Placement: Kebun Raya Bogor","Bogor Botanical Gardens, Jalan Ir H Juanda, Bogor Kota 16122, Indonesia","Full time",,"Bachelor's Degree"
"PT BFI Finance Indonesia Tbk","Admin Magang Sunter","Head Office - BFI Tower Sunburst CBD Lot 1.2 Jl. Kapt. Soebijanto Djojohadikusumo BSD City Tangerang Selatan 15322","Full time",,"Bachelor's Degree"
"PT BFI Finance Indonesia Tbk","Field Collector cabang Mojokerto","BFI Finance, Jalan Pahlawan, Mojokerto 61321, Indonesia","Full time",,"Associate's Degree"
"Kompas Gramedia","Maintenance Technician","Delta Silicon industrial Park, Jl. Angsana Raya No.1 Blok A2, Sukaresmi, Lippo Cikarang, Kabupaten Bekasi, Jawa Barat 17550",Contractual,,"Bachelor's Degree"
Alodokter,"Product Designer Lead","No. 2, Jalan Dr.Ide Anak Agung Gde Agung Kav. E 4.2, RT.5/RW.2, Kuningan, Kuningan Tim., Kecamatan Setiabudi, Kota Jakarta Selatan, Daerah Khusus Ibukota Jakarta 12950, Indonesia","Full time",,"Bachelor's Degree"
"EF EFEKTA English for Adults","Telesales Consultant","30, Jalan M H Thamrin, Gondangdia Kel., Menteng","Full time",,"Bachelor's Degree"
"PT BFI Finance Indonesia Tbk","Field Collection Penempatan Pekalongan","Head Office - BFI Tower Sunburst CBD Lot 1.2 Jl. Kapt. Soebijanto Djojohadikusumo BSD City Tangerang Selatan 15322","Full time",,
"PT BFI Finance Indonesia Tbk","Marketing Agency (Car and Motorcycle Product) Penempatan Banjarnegara","Head Office - BFI Tower Sunburst CBD Lot 1.2 Jl. Kapt. Soebijanto Djojohadikusumo BSD City Tangerang Selatan 15322","Full time",IDR,"High School"
"PT BFI Finance Indonesia Tbk","Supervisor Marketing Branch Pasar Minggu","Pasar Minggu, Jalan Pasar Minggu Raya, RT12/RW07, Pejaten Timur Kel., Pasar Minggu, Jakarta Selatan, 12510, Indonesia","Full time",IDR,"Bachelor's Degree"
Alodokter,"Graphic Designer","No. 2, Jalan Dr.Ide Anak Agung Gde Agung Kav. E 4.2, RT.5/RW.2, Kuningan, Kuningan Tim., Kecamatan Setiabudi, Kota Jakarta Selatan, Daerah Khusus Ibukota Jakarta 12950, Indonesia",Contractual,,"Bachelor's Degree"
"PT BFI Finance Indonesia Tbk","Collector Penempatan Buleleng","Head Office - BFI Tower Sunburst CBD Lot 1.2 Jl. Kapt. Soebijanto Djojohadikusumo BSD City Tangerang Selatan 15322","Full time",,"Bachelor's Degree"
"Kompas Gramedia","Program Officer_Skystar Ventures at Universitas Multimedia Nusantara","Scientia Garden, Jl. Boulevard Gading Serpong, Tangerang - Banten","Full time",,"Bachelor's Degree"
"AVO Innovation Technology","Store Merchandiser","Jalan Monjali, Sleman 55581, Indonesia","Full time",,"Bachelor's Degree"
"PT. Bank BCA Syariah","Business Development","72, Jalan Jatinegara Timur, Bali Mester Kel., Jatinegara","Full time",,"Bachelor's Degree"
"Kompas Gramedia","Merchant Acquition Ecommerce (Tiktok Shop, Shopee, Tokopedia, Webcommerce)","Jalan Palmerah Barat 22, Palmerah Kel., Palmerah, Jakarta, 11480, Indonesia","Full time",,"Bachelor's Degree"
"PT. Indocyber Global Teknologi","QA Automation Pakuwon Tower","Pakuwon Tower - Jl Casablanca Raya Kav.88, RT.7/RW.6, Menteng Dalam, Kec. Tebet, Kota Jakarta Selatan, Daerah Khusus Ibukota Jakarta 12870","Full time",,"Bachelor's Degree"
"Kompas Gramedia","Store Superintendent Gramedia Makassar","Mall Ratu Indah, Jalan Dr Sam Ratulangi, Mario Kel., Mariso, Makassar, 90125, Indonesia","Full time",,"Bachelor's Degree"
"Kompas Gramedia","Sr. Media Planner VCBL","Jl. Palmerah Selatan No. 22-28. Jakarta, Indonesia, West Jakarta, DKI Jakarta, Indonesia","Full time",,"Bachelor's Degree"
NEXA,"Marketing Communication Manager","Jalan Jangli Dalam, Jatingaleh Kel., Candisari","Full time",IDR,"Bachelor's Degree"
"PT. Jasa Teknologi Informasi IBM","SAP Analytics Cloud (SAC) Consultant","The Plaza OfficeTower, 16th Floor, Jl. M.H.Thamrin Kav. 28-30 Jakarta 10350, RT.9/RW.5, Gondangdia, Jakarta, Central Jakarta","Full time",,"Bachelor's Degree"
AIMSIS,"Business Development Lead","Rukan Taman Meruya Ilir N-42","Full time",,"Bachelor's Degree"
"Mobius Digital","QA Automation","Perigi Baru Kel., Pondok Aren","Full time",,"Bachelor's Degree"
"PT BFI Finance Indonesia Tbk","Marketing Agency  Depok, Jakarta Selatan, Parung, Ciputat","Head Office - BFI Tower Sunburst CBD Lot 1.2 Jl. Kapt. Soebijanto Djojohadikusumo BSD City Tangerang Selatan 15322",Contractual,,"Bachelor's Degree"
"PT BFI Finance Indonesia Tbk","Agency Relation Penempatan Tabanan","Jl. Dr. Ir. Soekarno, No.88X, Banjar Anyar, Kec. Kediri, Kabupaten Tabanan, Bali","Full time",,"Associate's Degree"
FinAccel,"Backend Engineer","Dipo Tower, Jakarta Pusat 10260, Indonesia","Full time",,"Bachelor's Degree"
"Nomura Research Institute Indonesia","Machine Learning Engineer (MLE)","Sahid Sudirman Center, Jl.Jend.Sudirman Kav.86","Full time",IDR,"Bachelor's Degree"
"Kompas Gramedia","Master Control Room Officer at KOMPAS TV","Jl. Palmerah Selatan No. 22-28. Jakarta, Indonesia, West Jakarta, DKI Jakarta, Indonesia","Full time",,"Bachelor's Degree"
"commsult Indonesia","Software Development Manager for Project","Lengkong Gudang Kel., Serpong","Full time",IDR,"Bachelor's Degree"
"Cetta Online Class","Content Creator Aixue Mandarin","Jalan TB Simatupang, Tanjung Barat Kel., Jagakarsa",Freelance,,"Bachelor's Degree"
"PT Teknologi Kuliner Kekinian (Runchise)","UI/UX Designer",,"Full time",,"Bachelor's Degree"
"Kompas Gramedia","Marketing Communication & Event Specialist",,Contractual,,"Bachelor's Degree"
Dekoruma,"Project Manager site Residential","Jl. Srengseng Raya No.11a, RT.2/RW.8, Srengseng, West Jakarta City, Jakarta, Indonesia",Contractual,,"Associate's Degree"
Itsavirus,"Front End Developer","Jalan Raya Babakan Canggu, Badung 80365, Indonesia","Full time",IDR,"Bachelor's Degree"
Allvacon,"Supervisor Collection","Jalan T. B. Simatupang, Kebagusan Kel., Pasar Minggu","Full time",,"Bachelor's Degree"
"PT BFI Finance Indonesia Tbk","Customer Relation atau Marketing RO  Kota Jambi",,"Full time",,"Bachelor's Degree"
"Nomura Research Institute Indonesia","DevOps Engineer","MidPlaza 2, 7F Jl. Jend. Sudirman Kav. 10-11 Jakarta 10220, Indonesia, Central Jakarta, DKI Jakarta, Indonesia","Full time",IDR,"Associate's Degree"
"PT BFI Finance Indonesia Tbk","Credit Marketing Syariah Surabaya","Jl. Ngagel Jaya No.39, Pucang Sewu, Kec. Gubeng, Surabaya, Jawa Timur 60282","Full time",,"Bachelor's Degree"
"Kompas Gramedia","BUYER (Merchandising & Distribution Division)","Jalan Palmerah Barat 29, RT04/RW02, Gelora Kel., Tanah Abang, Jakarta Pusat, 10270, Indonesia","Full time",,"Bachelor's Degree"
"Permata Bank","Trainee BAP Internal Audit",Bintaro,"Full time",,"Bachelor's Degree"
"Kompas Gramedia","Business Development Executive",,"Full time",,"Bachelor's Degree"
"PT BFI Finance Indonesia Tbk","Marketing Showroom cabang Mojokerto","Bfi Finance Indonesia Tbk. PT, Jalan Pahlawan, Kranggan Kel., Kranggan, Mojokerto, 61321, Indonesia","Full time",IDR,"Associate's Degree"
Alodokter,"Full Stack Developer","No. 2, Jalan Dr.Ide Anak Agung Gde Agung Kav. E 4.2, RT.5/RW.2, Kuningan, Kuningan Tim., Kecamatan Setiabudi, Kota Jakarta Selatan, Daerah Khusus Ibukota Jakarta 12950, Indonesia","Full time",,"Bachelor's Degree"
"PT BFI Finance Indonesia Tbk","Surveyor Car","Jln. Kolonel Burlian No.95, RT.09/RW.03, Bandar Agung, Kec. Lahat, Kabupaten Lahat, Sumatera Selatan 31414","Full time",,"Bachelor's Degree"
"PT BFI Finance Indonesia Tbk","Field Collector cabang Jombang","Bfi Finance, Jalan KH Wahid Hasyim, Jombang 61415, Indonesia","Full time",,"Associate's Degree"
"PT Digivla Indonesia","Back End Developer","4, Jalan Senopati, Selong Kel., Kebayoran Baru","Full time",IDR,"Bachelor's Degree"
"Bank Muamalat","Relationship Manager Consumer","24, Jalan Prof. Dr. Satrio, Karet Kuningan Kel., Setiabudi","Full time",,"Associate's Degree"
"Kompas Gramedia","Research Assistant_Multimedia Digital Nusantara","Jalan Scientia Boulevard Gading, Curug Sangereng, Serpong, Kabupaten Tangerang, Banten 15810","Full time",,"Bachelor's Degree"
"PT Global Urban Esensial","Telesales GPOS",,Freelance,,"High School"
"PT. Adicipta Inovasi Teknologi (AdIns)","Cyber Security Engineer","Jl. Raya Kb. Jeruk No.80, RT.7/RW.1, Kb. Jeruk, Kec. Kb. Jeruk, Kota Jakarta Barat, Daerah Khusus Ibukota Jakarta 11530, Indonesia","Full time",IDR,"Bachelor's Degree"
"Rakamin Academy","Product Growth Operations","Kantorkuu Coworking and Office Space, H R Rasuna Said, Kuningan Timur Kel., Setia Budi, Jakarta Selatan, 12950, Indonesia","Full time",,"Bachelor's Degree"
"PT. Adicipta Inovasi Teknologi (AdIns)","System Analyst","Jl. Raya Kb. Jeruk No.80, RT.7/RW.1, Kb. Jeruk, Kec. Kb. Jeruk, Kota Jakarta Barat, Daerah Khusus Ibukota Jakarta 11530, Indonesia","Full time",IDR,"Bachelor's Degree"
"Kompas Gramedia","Store Supervisor Gramedia Palembang Burlian","Jl. Kolonel H. Barlian KM. 7 No.48, Suka Bangun, Kec. Sukarami, Kota Palembang, Sumatera Selatan 30151","Full time",,"Bachelor's Degree"
Allvacon,"Delivery Management","Jalan T. B. Simatupang, Kebagusan Kel., Pasar Minggu","Full time",,"Bachelor's Degree"
FIFGROUP,"FUTURE DIGITAL (Management Trainee IT)","Menara FIF (Head Office)  Jl. TB Simatupang Kav 15 Cilandak, Jakarta Selatan 12440","Full time",IDR,"Bachelor's Degree"
"PT BFI Finance Indonesia Tbk","Field Collection Motorcycle Penempatan Kuningan","Head Office - BFI Tower Sunburst CBD Lot 1.2 Jl. Kapt. Soebijanto Djojohadikusumo BSD City Tangerang Selatan 15322","Full time",IDR,"High School"
"Cetta Online Class","Finance Officer","Jalan TB Simatupang, Tanjung Barat Kel., Jagakarsa","Full time",,"Bachelor's Degree"
"PT BFI Finance Indonesia Tbk","Field Collector Area Tangerang","Head Office - BFI Tower Sunburst CBD Lot 1.2 Jl. Kapt. Soebijanto Djojohadikusumo BSD City Tangerang Selatan 15322",Contractual,,"Bachelor's Degree"
"PT BFI Finance Indonesia Tbk","Management Trainee Marketing Bali Nusra","Head Office - BFI Tower Sunburst CBD Lot 1.2 Jl. Kapt. Soebijanto Djojohadikusumo BSD City Tangerang Selatan 15322","Full time",,"Bachelor's Degree"
"PT Panin Dai-Ichi Life (Bancassurance)","Bancassurance Officer (Area: Bali, Mataram, Kupang, Sorong, Jayapura, Palu)",,"Full time",IDR,"Bachelor's Degree"
"PT BFI Finance Indonesia Tbk","Management Trainee Marketing_Area Bogor","Head Office - BFI Tower Sunburst CBD Lot 1.2 Jl. Kapt. Soebijanto Djojohadikusumo BSD City Tangerang Selatan 15322","Full time",,"Bachelor's Degree"
"EF EFEKTA English for Adults","Course Consultant for Jakarta Area",,"Full time",,"Associate's Degree"
FIFGROUP,"Strategic Partnership Specialist","Menara FIF (Head Office)  Jl. TB Simatupang Kav 15 Cilandak, Jakarta Selatan 12440",Contractual,,
"Kompas Gramedia","Interior Design Officer","Jalan Palmerah Barat, Gelora Kel., Tanah Abang, Jakarta Pusat, 10270, Indonesia","Full time",,"Bachelor's Degree"
"PT BFI Finance Indonesia Tbk","Marketing Agency Car Branch Bandar Jaya",,"Full time",,"Bachelor's Degree"
"Kompas Gramedia","News Assistant Editor KOMPAS.com",,"Full time",,"Bachelor's Degree"
Renos.id,"Business Analyst","Kuningan Timur Kel., Setiabudi","Full time",,"Bachelor's Degree"
NEXA,"Sales Officer","Jalan Jangli Dalam, Jatingaleh Kel., Candisari","Full time",,"Associate's Degree"
"PT BFI Finance Indonesia Tbk","Marketing Syariah cabang Mojokerto","BFI Finance, Jalan Pahlawan, Mojokerto 61322, Indonesia","Full time",,"Associate's Degree"
"Kompas Gramedia","Multimedia Production Internship Corporate IT&IS","Jl. Palmerah Selatan No. 22-28. Jakarta, Indonesia, West Jakarta, DKI Jakarta, Indonesia",Contractual,,"Bachelor's Degree"
FinAccel,"DevOps Engineer","Dipo Tower, Jalan Jenderal Gatot Subroto, Jakarta Pusat 10260, Indonesia","Full time",,"Bachelor's Degree"
"PT Kliring Penjaminan Efek Indonesia (KPEI)","Staf Satuan Pemeriksa Internal","Gedung Bursa Efek Indonesia Tower I Lantai 5 Jln. Jenderal Sudirman kavling 52-53 Jakarta 12190, Indonesia","Full time",,"Bachelor's Degree"
"PT BFI Finance Indonesia Tbk","Marketing Agency cabang Jombang","Jalan KH Wahid Hasyim, Jombang, Jombang, Indonesia","Full time",,"Bachelor's Degree"
"PT Bumi Amartha Teknologi Mandiri","System Administrator","Jalan Jenderal Sudirman, Karet Kel., Setiabudi",Contractual,,"Bachelor's Degree"
"PT BFI Finance Indonesia Tbk","Admin Front Office Support cabang Mojokerto","BFI Finance, Jalan Pahlawan, Mojokerto 61321, Indonesia","Full time",,"Bachelor's Degree"
FIFGROUP,"Compliance & Standardization Officer","Menara FIF (Head Office)  Jl. TB Simatupang Kav 15 Cilandak, Jakarta Selatan 12440","Full time",,"Bachelor's Degree"
FinAccel,"Customer Success Manager","Dipo Tower, Jl. Gatot Subroto No.Kav 50-52, RW.7, Petamburan, Kecamatan Tanah Abang, Jakarta, Daerah Khusus Ibukota Jakarta 10260","Full time",,"Bachelor's Degree"
"BOSNET Distribution Indonesia","Marketing Officer","Jalan Tebet Barat Dalam Raya, Tebet Barat Kel., Tebet","Full time",,"Bachelor's Degree"
Dekoruma,Videographer,"Jl. Srengseng Raya No.11a, RT.2/RW.8, Srengseng, West Jakarta City, Jakarta, Indonesia",Contractual,,"Bachelor's Degree"
FIFGROUP,"Human Capital Digital & Operation System Officer","Menara FIF (Head Office)  Jl. TB Simatupang Kav 15 Cilandak, Jakarta Selatan 12440","Full time",,"Bachelor's Degree"
Dekoruma,"Procurement Staff","Jl. Srengseng Raya No.11a, RT.2/RW.8, Srengseng, West Jakarta City, Jakarta, Indonesia",Contractual,,"Bachelor's Degree"
"PT BFI Finance Indonesia Tbk","Field Collection Motorcycle Penempatan Cirebon","Head Office - BFI Tower Sunburst CBD Lot 1.2 Jl. Kapt. Soebijanto Djojohadikusumo BSD City Tangerang Selatan 15322","Full time",IDR,"High School"
"PT Asuransi Allianz Life Indonesia",Internship,"World Trade Center, Jalan Jenderal Sudirman, RT04/RW02, Karet Kel., Setia Budi, Jakarta Selatan, 12920, Indonesia",Contractual,,"Bachelor's Degree"
"PT BFI Finance Indonesia Tbk","Marketing Agency Surabaya Kapas Krampung","Jl. Kapas Krampung No.139, RT.: 1/RW.: 3, Rangkah, Kec. Tambaksari, Surabaya, Jawa Timur 60135","Full time",,"Bachelor's Degree"
FIFGROUP,"Property Management Officer","Menara FIF (Head Office)  Jl. TB Simatupang Kav 15 Cilandak, Jakarta Selatan 12440","Full time",,"Bachelor's Degree"
"Bank Muamalat","Relationship Manager Retail Business","18, Jalan Prof. Dr. Satrio, Jakarta Selatan 12940, Indonesia","Full time",,"Associate's Degree"
"Kompas Gramedia","Digital Content Officer","Jl. Palmerah Barat No. 29-37, Jakarta 10270","Full time",,"Bachelor's Degree"
FinAccel,"Product Manager",,"Full time",,"Bachelor's Degree"
"PT BFI Finance Indonesia Tbk","Supervisor Marketing Branch Bekasi Galaxy","Head Office - BFI Tower Sunburst CBD Lot 1.2 Jl. Kapt. Soebijanto Djojohadikusumo BSD City Tangerang Selatan 15322","Full time",,"Bachelor's Degree"
"Bayan Group","HRIS Specialist & Generalist  Staff","Jalan Senopati, Senayan Kel., Kebayoran Baru","Full time",,"Bachelor's Degree"
"Great Giant Foods","Corporate Communication Intern","Sequis Tower, Jalan Jenderal Sudirman, Jakarta Pusat 10210, Indonesia","Full time",,"Bachelor's Degree"
"Kompas Gramedia","Account Executive Regional KompasTV Pekanbaru",,"Full time",,"Bachelor's Degree"
SKINTIFIC,"Social Media Admin","Jalan Dr Ide Anak Agung Gde Agung, Kuningan Timur Kel., Setiabudi","Full time",,"Bachelor's Degree"
"PT BFI Finance Indonesia Tbk","Marketing Corporate Executive (MCE) Area Pekanbaru","Jl. Soekarno Hatta No. 88 Kel. Delima Kec. Tampan","Full time",IDR,"Bachelor's Degree"
SKINTIFIC,"Livestream Assistant","Kawasan Mega Kuningan, Setia Budi","Full time",,"Bachelor's Degree"
"PT. Jasa Teknologi Informasi IBM","SAP FICO Consultant",,"Full time",,"Bachelor's Degree"
"Nomura Research Institute Indonesia","Microsoft Specialist","Karet Tengsin Kel., Tanah Abang","Full time",IDR,"Bachelor's Degree"
"Kompas Gramedia","Legal Business Officer","Jalan Palmerah Barat 29, RT04/RW02, Gelora Kel., Tanah Abang, Jakarta Pusat, 10270, Indonesia","Full time",,"Bachelor's Degree"
FIFGROUP,"Human Capital Organization Development Officer","Menara FIF (Head Office)  Jl. TB Simatupang Kav 15 Cilandak, Jakarta Selatan 12440","Full time",,"Bachelor's Degree"
"PT BFI Finance Indonesia Tbk","Field Collector cabang Jember","PT Bfi Finance Cabang Jember, Jalan Diponegoro, Jember 68137, Indonesia","Full time",,
"Kompas Gramedia","Designer - Marketing Div.","Kompas Gramedia, Jalan Palmerah Barat, RT.1/RW.2, Gelora, Central Jakarta City, Jakarta, Indonesia","Full time",,"Bachelor's Degree"
"PT. Bank BCA Syariah","Assistant Finance & Accounting Manager","Jl Penjernihan II no.4","Full time",,"Bachelor's Degree"
28Grup,"Procurement Staff","Jalan Jenderal Sudirman, Senayan Kel., Kebayoran Baru","Full time",,"Bachelor's Degree"
"PT BFI Finance Indonesia Tbk","Agency Relationship Executive BFI Cabang Minahasa Selatan","Lingkungan IV Kelurahan Uwuran I, Kecamatan Amurang, Kabupaten Minahasa Selatan, Sulawesi Utara","Full time",IDR,"High School"
"PT BFI Finance Indonesia Tbk","Operation Business Improvement Specialist","Head Office - BFI Tower Sunburst CBD Lot 1.2 Jl. Kapt. Soebijanto Djojohadikusumo BSD City Tangerang Selatan 15322","Full time",,"Bachelor's Degree"
"Howel and Co","Photo Editor and Retoucher","Jembatan Besi Kel., Tambora","Full time",,"Bachelor's Degree"
"PT BFI Finance Indonesia Tbk","Marketing Agency Car Product Penempatan Indramayu","Head Office - BFI Tower Sunburst CBD Lot 1.2 Jl. Kapt. Soebijanto Djojohadikusumo BSD City Tangerang Selatan 15322","Full time",,
"Langit Kreasi Solusindo","Presales Software","Grand Slipi Tower, Jalan Letjen S Parman, RT01/RW04, Palmerah Kel., Palmerah, Jakarta Barat, 11480, Indonesia","Full time",,"Bachelor's Degree"
"PT Bank Central Asia Tbk","BCA Development Program IT (BDP IT)","Central Jakarta, DKI Jakarta, Indonesia","Full time",,"Bachelor's Degree"
"PT BFI Finance Indonesia Tbk","Marketing Relation Executive - Branch Sidoarjo","Jl. Raya Waru, Kompleks ruko gateway No. C/2, Waru Sidoarjo.","Full time",,"Bachelor's Degree"
"Kompas Gramedia","Marketing Package Planner",,"Full time",,"Bachelor's Degree"
"PT BFI Finance Indonesia Tbk","Field Collector Branch Malang","BFI Finance KC Singosari - Jl. Kristalan No.148, Pangetan, Pagentan, Kec. Singosari, Kabupaten Malang","Full time",IDR,"Vocational course"
"Jaris & K","Tax Team Leader","5, Jalan Cipete Raya, Cipete Selatan Kel., Cilandak","Full time",,"Bachelor's Degree"
FIFGROUP,"Data Analyst","Menara FIF (Head Office)  Jl. TB Simatupang Kav 15 Cilandak, Jakarta Selatan 12440","Full time",,"Bachelor's Degree"
"PT BFI Finance Indonesia Tbk","Marketing Agency cabang Banyuwangi","Bfi Finance, Jalan Letjen S Parman, Sumberrejo Kel., Banyuwangi, Banyuwangi, 68419, Indonesia","Full time",,"Bachelor's Degree"
"PT BFI Finance Indonesia Tbk","Collection Staff (FAM)","Jend. Sudirman No. 352 B, Muara Dua, Kec. Prabumulih Tim., Kota Prabumulih, Sumatera Selatan 31114Office - BFI Tower Sunburst CBD Lot 1.2 Jl. Kapt. Soebijanto Djojohadikusumo BSD City Tangerang Selatan 15322","Full time",,"Bachelor's Degree"
"PT Inti Corpora Teknologi","IT Project Manager","46, Jalan Tanah Abang 2, Petojo Selatan Kel., Gambir","Full time",IDR,"Bachelor's Degree"
Alodokter,"IT Security Operations","No. 2, Jalan Dr.Ide Anak Agung Gde Agung Kav. E 4.2, RT.5/RW.2, Kuningan, Kuningan Tim., Kecamatan Setiabudi, Kota Jakarta Selatan, Daerah Khusus Ibukota Jakarta 12950, Indonesia","Full time",,"Bachelor's Degree"
"PT BFI Finance Indonesia Tbk","Marketing Agency (Car and Motorcycle Product) Penempatan Tegal","Head Office - BFI Tower Sunburst CBD Lot 1.2 Jl. Kapt. Soebijanto Djojohadikusumo BSD City Tangerang Selatan 15322","Full time",IDR,"High School"
"PT BFI Finance Indonesia Tbk","Backend Engineer (Golang)","Head Office - BFI Tower Sunburst CBD Lot 1.2 Jl. Kapt. Soebijanto Djojohadikusumo BSD City Tangerang Selatan 15322","Full time",,"Bachelor's Degree"
Code.id,"IT System Analyst","Jalan Letjen. S. Parman, Tanjung Duren Selatan Kel., Grogol Petamburan","Full time",,"Bachelor's Degree"
"Kompas Gramedia","Digital Marketing Specialist at Child Clinic Kompas Gramedia",,Contractual,,"Bachelor's Degree"
"PT BFI Finance Indonesia Tbk","Operation Support Staff","Head Office - BFI Tower Sunburst CBD Lot 1.2 Jl. Kapt. Soebijanto Djojohadikusumo BSD City Tangerang Selatan 15322","Full time",,"Bachelor's Degree"
"PT. Bank BCA Syariah","Kepala Kantor Cabang Pembantu (Ka. KCP) Bireuen",,"Full time",,"Bachelor's Degree"
"Trimegah Sekuritas Indonesia","IT Security","18th & 19th Artha Graha Building","Full time",IDR,"Bachelor's Degree"
"PT BFI Finance Indonesia Tbk","Staff Marketing",,"Full time",,"High School"
"Kompas Gramedia","Store Superintendent Gramedia Sorong","Remu Utara Kel., Sorong, Indonesia","Full time",,"Bachelor's Degree"
"PT BFI Finance Indonesia Tbk","Management Trainee Verifikator Kota Palembang","Head Office - BFI Tower Sunburst CBD Lot 1.2 Jl. Kapt. Soebijanto Djojohadikusumo BSD City Tangerang Selatan 15322","Full time",,
FIFGROUP,"IT Quality Assurance","Menara FIF (Head Office)  Jl. TB Simatupang Kav 15 Cilandak, Jakarta Selatan 12440","Full time",,"Bachelor's Degree"
"Kompas Gramedia","Warehouse Attendant",,"Full time",,"Bachelor's Degree"
"Bussan Auto Finance","Operational Insurance Ast Manager","Jl. Tj. Barat Raya No.121, RT.14/RW.04, Kel, RT.8/RW.4, Tj. Bar., Kec. Jagakarsa, Kota Jakarta Selatan, Daerah Khusus Ibukota Jakarta 12530, Indonesia","Full time",,"Bachelor's Degree"
"PT BFI Finance Indonesia Tbk","Field Collector Branch Bekasi","Head Office - BFI Tower Sunburst CBD Lot 1.2 Jl. Kapt. Soebijanto Djojohadikusumo BSD City Tangerang Selatan 15322","Full time",,"Bachelor's Degree"
"Kompas Gramedia","Teknisi Perawatan KG Property","Jl. Palmerah Selatan No. 22-28. Jakarta, Indonesia, West Jakarta, DKI Jakarta, Indonesia","Full time",,"Vocational course"
"Great Giant Foods","Anaplan Model Builder","Jalan Jenderal Sudirman, Bendungan Hilir Kel., Tanah Abang","Full time",,"Bachelor's Degree"
"PT BFI Finance Indonesia Tbk","Field Collection Penempatan Tegal","Head Office - BFI Tower Sunburst CBD Lot 1.2 Jl. Kapt. Soebijanto Djojohadikusumo BSD City Tangerang Selatan 15322","Full time",IDR,"High School"
"Kompas Gramedia","Account Executive","Jl. Palmerah Selatan No. 22-28. Jakarta, Indonesia, West Jakarta, DKI Jakarta, Indonesia","Full time",,"Associate's Degree"
"Permata Bank","Relationship Manager Priority Jabotabek","DKI Jakarta, Indonesia","Full time",,"Bachelor's Degree"
"Mengantar Karya Bangsa","Marketing Manager","Jl. Borobudur Agung Timur IX No.7 Mojolangu, Lowokwaru, Malang","Full time",IDR,"Bachelor's Degree"
Dekoruma,"Sales Design Advisor (Balikpapan & Samarinda)","Balikpapan, Indonesia",Contractual,,"Bachelor's Degree"
"Siloam Hospitals Group","Android Developer","Cipondoh Indah Kel., Cipondoh","Full time",IDR,"Bachelor's Degree"
Dekoruma,"Merchandise Developer","Jl. Srengseng Raya No.11a, RT.2/RW.8, Srengseng, West Jakarta City, Jakarta, Indonesia",Contractual,,"Bachelor's Degree"
SKINTIFIC,"Personal Assistant Mandarin Speaker","Kuningan Timur Kel., Setia Budi",Contractual,IDR,"Bachelor's Degree"
"Nomura Research Institute Indonesia","UI/UX Designer","Sahid Sudirman Center, Jl. Jend. Sudirman Kav.86","Full time",IDR,"Bachelor's Degree"
"Kompas Gramedia","Sales Group Head Digital Agency (Marketspace)","Jl. Palmerah Selatan No. 22-28. Jakarta, Indonesia, West Jakarta, DKI Jakarta, Indonesia","Full time",,"Bachelor's Degree"
"Kompas Gramedia","Store Superintendent Gramedia Garut","Jalan Jenderal Ahmad Yani 14, Paminggir Kel., Garut Kota, Garut, 44118, Indonesia","Full time",,"Bachelor's Degree"
"PT. Indocyber Global Teknologi","Bootcamp IT Consultant Programmer Fresh Graduate","Pakuwon Tower, Jalan Casablanca kav. 88, Jakarta Selatan 12870, Indonesia","Full time",IDR,"Bachelor's Degree"
"PT BFI Finance Indonesia Tbk","Management Trainee Human Capital Kota Palembang","Head Office - BFI Tower Sunburst CBD Lot 1.2 Jl. Kapt. Soebijanto Djojohadikusumo BSD City Tangerang Selatan 15322","Full time",,"Bachelor's Degree"
"PT BFI Finance Indonesia Tbk","Management Trainee Marketing Corporate HETO Alat Berat Jakarta Pusat","Head Office - BFI Tower Sunburst CBD Lot 1.2 Jl. Kapt. Soebijanto Djojohadikusumo BSD City Tangerang Selatan 15322","Full time",,"Bachelor's Degree"
"PT BFI Finance Indonesia Tbk","Marketing SHM Branch Malang","BFI Finance KC Malang Kota - Jl. Tumenggung Suryo No. 42, Bunulrejo, Kec. Blimbing, Kota Malang https://maps.app.goo.gl/7h9TKZ4ZiywiKxDt9","Full time",IDR,"Bachelor's Degree"
"PT Asuransi Allianz Life Indonesia","Compliance Internship","WTC 3","Full time",,"Bachelor's Degree"
"PT BFI Finance Indonesia Tbk","Marketing Agency Car Branch Metro","Jl. Jendral Sudirman No.282, Imopuro, Kec. Metro Pusat, Kota Metro, Lampung 34111","Full time",,"Bachelor's Degree"
"Kompas Gramedia","IT Technician","Jl. Palmerah Selatan No. 22-28. Jakarta, Indonesia, West Jakarta, DKI Jakarta, Indonesia","Full time",,"Associate's Degree"
"PT BFI Finance Indonesia Tbk","Staff Penagihan Collector Branch Bandar Jaya","Jl. Proklamator Raya No.28 -29, Bandar Jaya Tim., Kec. Terbanggi Besar, Kabupaten Lampung Tengah, Lampung 34163","Full time",,"Bachelor's Degree"
"PT BFI Finance Indonesia Tbk","Marketing Pembiayaan Jaminan BPKB Motor Cabang Jakarta Pusat","Head Office - BFI Tower Sunburst CBD Lot 1.2 Jl. Kapt. Soebijanto Djojohadikusumo BSD City Tangerang Selatan 15322","Full time",,"Bachelor's Degree"
FIFGROUP,"People Analytics","Menara FIF (Head Office)  Jl. TB Simatupang Kav 15 Cilandak, Jakarta Selatan 12440","Full time",,"Bachelor's Degree"
"PT BFI Finance Indonesia Tbk","Marketing Agency Surabaya Ngagel","Jalan Ngagel Jaya 39, Pucang Sewu Kel., Gubeng, Surabaya, 60283, Indonesia","Full time",,"Bachelor's Degree"
"BOSNET Distribution Indonesia","IT Implementer","Jalan Tebet Barat Dalam Raya, Tebet Barat Kel., Tebet","Full time",,"Associate's Degree"
"PT BFI Finance Indonesia Tbk","Staff Penagihan Collector Branch Metro","Jl. Jendral Sudirman No.282, Imopuro, Kec. Metro Pusat, Kota Metro, Lampung 34111","Full time",,"Vocational course"
"PT. Adicipta Inovasi Teknologi (AdIns)","Applications Developer","Jl. Lembah Dieng No.7, Sumberjo, Kalisongo, Dau, Malang City, East Java 65151","Full time",IDR,"Bachelor's Degree"
"PT BFI Finance Indonesia Tbk","Verifikator Motorcyle Branch Bekasi 5 Cibubur","Head Office - BFI Tower Sunburst CBD Lot 1.2 Jl. Kapt. Soebijanto Djojohadikusumo BSD City Tangerang Selatan 15322","Full time",,"Associate's Degree"
Quantyc.ai,"IT Cyber Project Manager","Jalan Warung Buncit Raya","Full time",,"Bachelor's Degree"
"PT BFI Finance Indonesia Tbk","Management Trainee Marketing","Head Office - BFI Tower Sunburst CBD Lot 1.2 Jl. Kapt. Soebijanto Djojohadikusumo BSD City Tangerang Selatan 15322","Full time",,"Bachelor's Degree"
"Bank Muamalat","Relationship Manager Hajj","24, Jalan Prof. Dr. Satrio, Karet Kuningan Kel., Setiabudi","Full time",,"Associate's Degree"
"Permata Bank","Mortgage Sales Specialist (Surabaya & Malang)","Surabaya, Indonesia","Full time",,"Bachelor's Degree"
"PT BFI Finance Indonesia Tbk","Marketing Agency Branch Malang","BFI Finance KC Malang Kota - Jl. Tumenggung Suryo No. 42, Bunulrejo, Kec. Blimbing, Kota Malang","Full time",IDR,"Bachelor's Degree"
"Mengantar Karya Bangsa","Full Stack Developer","Jalan Danau Paniai, Madyopuro Kel., Kedungkandang","Full time",IDR,"Associate's Degree"
Ivosights,"Business Development Officer","Jalan Tebet Barat I, Tebet Barat Kel., Tebet","Full time",,"Bachelor's Degree"
"Aleph Labs","IT Operation (Contract Based)","Centennial Tower, Jalan Jenderal Gatot Subroto, Jakarta Selatan 12930, Indonesia",Contractual,,"Bachelor's Degree"
"PT BFI Finance Indonesia Tbk","Recovery Officer Collection WO Branch Malang","BFI Finance KC Malang Kota - Jl. Tumenggung Suryo No. 42, Bunulrejo, Kec. Blimbing, Kota Malang https://maps.app.goo.gl/7h9TKZ4ZiywiKxDt9","Full time",IDR,"Bachelor's Degree"
Algoritma,"Event & Partnership Intern",,Contractual,IDR,"Bachelor's Degree"
"commsult Indonesia","Senior Web Developer","Lengkong Gudang Kel., Serpong","Full time",,"Bachelor's Degree"
"Rakamin Academy","Product Engineer Backend","Kantorkuu Coworking Dan Office Space Agro, Jalan Yasmin Raya, RT06/RW04, Kuningan Timur Kel., Setia Budi, Jakarta Selatan, 12950, Indonesia","Full time",IDR,"Bachelor's Degree"
"PT BFI Finance Indonesia Tbk","Management Trainee Human Capital","Head Office - BFI Tower Sunburst CBD Lot 1.2 Jl. Kapt. Soebijanto Djojohadikusumo BSD City Tangerang Selatan 15322","Full time",,"Bachelor's Degree"
"Nomura Research Institute Indonesia","Test Engineer","Sahid Sudirman Center, Jakarta Pusat 10220, Indonesia","Full time",IDR,"Bachelor's Degree"
"PT. Bukuku Solusi Kreatif","IT Manager","Komplek Meruya Indah","Full time",IDR,"Bachelor's Degree"
"Permata Bank","Mortgage Sales Specialist","DKI Jakarta, Indonesia","Full time",,"Bachelor's Degree"
"PT BFI Finance Indonesia Tbk","Management Trainee Cabang Sulawesi Tenggara","Head Office - BFI Tower Sunburst CBD Lot 1.2 Jl. Kapt. Soebijanto Djojohadikusumo BSD City Tangerang Selatan 15322","Full time",,"Bachelor's Degree"
"PT BFI Finance Indonesia Tbk","Technology Support Availability Service","Head Office - BFI Tower Sunburst CBD Lot 1.2 Jl. Kapt. Soebijanto Djojohadikusumo BSD City Tangerang Selatan 15322","Full time",,"Bachelor's Degree"
