JobTitle,location,sallary,experience,education,WorkType,description,link,post_date,company_name,company_desc,company_web,company_industri
"IT Support Staff","Jakarta Selatan","Rp.3 – 4 Juta","Junior / Entry Level","Sarjana / S1","Purna Waktu / Full Time","PT Cipta Infoma memiliki anak perusahaan yang saat ini sedang membutuhkan Staff IT. Kami membutuhkan Staff IT untuk penempatan di Jakarta yang akan bertugas untuk memelihara dan memantau sistem dan program di Rumah Sakit.

Tanggung Jawab Pekerjaan :

1. Maintaining and monitoring system and program in the Hospital
2. Handling customer complain directly, either face-to-face or via telephone, to help resolve request /issues
3. Providing report to user or internal

Keahlian :

1. Understand computer science and information systems
2. Good communication skills

Kualifikasi :

1. Male, 22 – 27 years old
2. 1 – 2 years of relevant experience in a similar role or Fresh graduate are welcome
3. Placement in Jakarta
4. Bachelor (S-1) degree in Computer System, Informatics Engineering, Information System, Informatics Management. GPA minimal 3.00

Waktu Bekerja :
Monday to Saturday (*Saturday half day)
Tunjangan :

Transportasi, Kesehatan, Ketenagakerjaan

Insentif :

Insentif per Project",https://www.loker.id/information-technology/help-desk-it-support/it-support-staff-pt-cipta-infoma-jakarta-selatan-2.html,"2024-05-21 00:00:00","         
               
            PT Cipta Infoma        ","PT. Cipta Infoma adalah Perusahaan Konsultan Telekomunikasi yang sudah berdiri sejak tahun 2005 dan berlokasi di Jakarta Selatan",https://www.loker.id/laporkan-iklan?job_id=13123484,"Industri : Teknologi Informatika"
"Network Engineer Staff",Tangerang,Negosiasi,"Junior / Entry Level",Diploma/D1/D2/D3,"Sarjana / S1","PT. Fokus Vision Teknologi merupakan perusahaan yang bergerak bidang IT, Security Surveillance dan Parking System. Kami saat ini sedang membutuhkan segera beberapa staff IT untuk networking dan computer troubleshooting

Tanggung Jawab Pekerjaan :

– Mendesign topologi jaringan
– Instalasi kabel network dan listrik
– troubleshooting
– Mandiri melakukan instalasi jaringan

Keahlian :

– Paham design topologi jaringan
– Paham Instalasi kabel network dan listrik
– Paham troubleshooting

Kualifikasi :

– Pria atau Wanita Max. 30 tahun
– Pendidikan min. SMA/SMK Sederajat, fresh graduate silahkan melamar
– Memiliki SIM C atau SIM A

Waktu Bekerja :
Jam 8.30 – 18.00 SENIN – SABTU",https://www.loker.id/information-technology/network-engineer/network-engineer-staff-pt-fokus-vision-teknologi-tangerang-2.html,"2024-05-13 00:00:00","         
               
            PT. FOKUS VISION TEKNOLOGI        ","PT. FOKUS VISION TEKNOLOGI bergerak di bidang Teknologi informatika seperti CCTV IP System, IP-PBX, Access Control, Barrier Gate System, pedestrian Turnstile, baik dalam distribusi barang dan instalasi system",http://www.smartoffice.co.id,"Industri : Teknologi Informatika"
"IT – Project Manager","Jakarta Timur","Rp.10 – 12 Juta","Supervisor / Coordinator","Sarjana / S1","Purna Waktu / Full Time","Tanggung Jawab Pekerjaan :

1. Direct and Manages end to end process of the project and the team
2. Facilitates communication between the project team and project owner daily
3. Schedulling project milestones, management, and delegation of the project task
4. Monitors project progress by tracking activity
5. Ensures Project issues are identified, tracked, reported and resolved
6. Compile periodic project reports to be given to the project owner
7. Create and maintain comprehensive project documentation

Keahlian :

1. Have excellent written and verbal communication skills (English and Indonesian).
2. Have excellent interpersonal skills.
3. Good communication and presentation skills.
4. Good leadership skill.

Kualifikasi :

1. Bachelor’s Degree in Informatics Engineering, Computer Science, or similar studies.
2. Minimum 1-year experience as a Project Manager in IT Projects.
3. Certification of Project Management Professional (PMP) is an advantage.",https://www.loker.id/information-technology/manajemen-it/it-project-manager-pt-andamar-karisma-sejahtera-jakarta-timur.html,"2024-05-16 00:00:00","         
               
            PT Andamar Karisma Sejahtera        ","Kami adalah Perusahaan Konsultan yang bergerak dalam Bidang HR, Klien kami beragam dari mulai PT, Sekolah, Instansi dan Lembaga kredibel lainnya.",https://www.andamarks.com,"Industri : Manajemen Sumber Daya Manusia (HRD) / Konsultasi"
"IT Support",Sibolga,"Rp.2 – 3 Juta","Junior / Entry Level",Diploma/D1/D2/D3,"Sarjana / S1","IT support, mempunyai keahlian instalasi LAN, komputer windows, dan cepat mempelajari aplikasi.

Tanggung Jawab Pekerjaan :

Mengatasi masalah jaringan, komputer dan aplikasi

Keahlian :

LAN dan Windows

Kualifikasi :

Pria
Pendidikan minimal SMA sederajad
Fresh graduate silahkan melamar

Waktu Bekerja :
7.30-15.30
Tunjangan :

On call",https://www.loker.id/information-technology/help-desk-it-support/it-support-cv-cahaya-solusindo-sibolga.html,"2024-05-10 00:00:00","         
               
            CV. Cahaya Solusindo        ","Perusahaan sedang mengembangkan aplikasi online rumah sakit yang terhubung langsung ke Bpjs.",http://www.cahayasolusindo.com,"Industri : Teknologi Informatika"
"Staff IT Sekolah",Tangerang,Negosiasi,"Junior / Entry Level",Diploma/D1/D2/D3,"Sarjana / S1","Dilaraf Islamic School membuka lowongan pekerjaan sebagai Tenaga IT Sekolah yang  bertugas memeriksa dan memastikan semua komputer terhubung ke jaringan.

Tanggung Jawab Pekerjaan :

Menangani kebutuhan dan masalah yang berkaitan dengan jaringan, hardware dan software komputer sekolah.
Membuat sistem manajemen sekolah yang terintegrasi.

Keahlian :

Menguasai Microsoft Office
Menguasai Design Grafis
Menguasai sistem manajemen komputer dan jaringan

Kualifikasi :

1. Pria/wanita maksimal usia 35 tahun
2. Pengalaman sebagai IT Sekolah lebih diutamakan
3. Lulusan D3/S1 Manajemen informatika, Sistem Informasi, Ilmu Komputer  (berijasah)",https://www.loker.id/information-technology/help-desk-it-support/staff-it-sekolah-dilaraf-islamic-school-tangerang.html,"2024-05-10 00:00:00","         
               
            Dilaraf Islamic School        ","KB - TK - SD Dilaraf Islamic School Cikokol Kota Tangerang",https://www.loker.id/laporkan-iklan?job_id=3605242,"Industri : Pendidikan"
"Teknisi Jaringan dan Komputer",Magelang,Negosiasi,"Junior / Entry Level",Diploma/D1/D2/D3,"SMA / SMK / STM","PT. Maxxima Innovative Engineering sebuah perusahaan yang bergerak di bidang Mapping, Survey dan Konsultan IT, membuka kesempatan bekerja Magang sebagai Teknisi Komputer dan Jaringan untuk mendukung pengembangan usaha kami.

Tanggung Jawab Pekerjaan :

Kandidat terpilih akan bertanggung jawab melakukan instalasi PC, penggelaran jaringan, setting jaringan, maintenance PC dan jaringan. Membangun komunikasi dan berkoordinasi dengan client juga termasuk dalam tanggung jawab pekerjaan.

Keahlian :

– memahami praktek instalasi komputer dan jaringan
– memahami praktek instalasi CCTV
– dapat berkomunikasi dengan baik

Kualifikasi :

– pria
– memiliki kepribadian yang baik
– mampu bekerja secara tim maupun bekerja mandiri
– dapat mempelajari hal baru
– minimal lulus SMK
– berdomisili di kota Magelang

Waktu Bekerja :
Senin – Jumat. Jam 08.00 – 17.00",https://www.loker.id/information-technology/network-engineer/teknisi-jaringan-dan-komputer-pt-maxxima-innovative-engineering-magelang.html,"2024-05-05 00:00:00","         
               
            PT. Maxxima Innovative Engineering        ","PT. Maxxima Innovative Engineering adalah perusahaan yang bergerak di bidang Konsultasi dan Aplikasi Bisnis, Solusi dan Aplikasi Perbankan, Pengembangan Aplikasi Kustom, Pemeliharaan Sistem, Pengembangan Produk Simulator Militer dan Produk Simulasi Lainnya. Kami juga memberikan pelayanan di bidang Survey dan Pemetaan, seperti : Sistem Informasi Geografis (GIS) dan Penginderaan Jauh, Survei dan Pemetaan Satelit, Survei dan Pemetaan Terrestrial. PT Maxxima Innovative Engineering berkantor pusat di Jakarta dan memiliki cabang di Surabaya dan Bandung.",https://www.maxxima-technology.com/,"Industri : Teknologi Informatika"
"Teknisi IT","Jakarta Barat",Negosiasi,"Junior / Entry Level",Diploma/D1/D2/D3,"Sarjana / S1","PT Gifera Odo Technology Adalah Perusahaan Yang Bergerak Dibidang Technology Dan Informasi. Saat ini kami membuka lowongan kerja untuk megisi posisi sebagai Teknisi IT

Tanggung Jawab Pekerjaan :

Menerima, memprioritaskan dan menyelesaikan permintaan bantuan IT
Memiliki wawasan bidang hardware IT, software dan hal-hal lain yang berhubungan dengan hal tersebut.
Instalasi, perawatan baik untuk hardware & software Windows & Macintosh, peralatan termasuk printer, scanner, hard-drives external, dll
Presentasi di klien
Intalasi dan Menjelaskan Teknis Product, Troubleshooting,hardware, dan software supplier, dll
Melakukan demo atau produk POC solusi Perusahaan di klien ( Akan di training terlebih dahulu )
Perjanalan dinas melakukan instalasi keluar kota ( Setelah lulus pelatihan )

Keahlian :

– Kemampuan memperbaiki komputer PC atau Laptop Printer ( Nilai Tambah ), Komputer Hardware dan software, Teori dan praktik Jaringan komputer (perangkat jaringan), Video conference, CCTV, IP PBX, Cabling, Konfigurasi Server
– Mempunyai sertifikasi di bidang IT atau jaringan Cisco/ Mikrotik
–  Photosop – Coreldraw – Adobepremier
– Mempunyai kemampuan menganalisa, problem solving, mampu bekerjasama dengan tim dan mempunyai attitude yang baik
– Mempunyai kemampuan berkomunikasi dan melayani, baik di internal maupun eksternal perusahaan (klien)
– Memahami komunikasi bahasa Inggris baik secara tulisan maupun verbal

Kualifikasi :

–  laki Laki 24 sd 30 Years old
– Lulusan D3/S1 dari Jurusan IT/ Komputer
– Mempunyai pengalaman kerja 2-5 tahun di bidang IT sebagai IT support, atau Technical engineer
– Siap dan bersedia kerja di luar jam kerja perusahaan dengan ketentuan yang sudah diatur
– Siap dan bersedia ditugaskan atau ditempatkan di cabang/luar kota

Waktu Bekerja :
Senin – Jum at
Tunjangan :

Uang Makan – Transport – Bpjs – Tunjangan

Insentif :

Lembur dan Bonus Projek",https://www.loker.id/information-technology/help-desk-it-support/teknisi-it-pt-gifera-odo-technology-jakarta-barat.html,"2024-05-02 00:00:00","         
               
            PT GIFERA ODO TECHNOLOGY        ","PT Gifera Odo Technology Adalah Perusahaan Yang Bergerak Dibidang Technology Dan Informasi Kami Memiliki Visi : "" Menjadi Perusahaan Nasional Yang Memberikan Solusi Yang Kreatif Dengan Dukungan Teknis Yang Berpengalaman dan Tersertifikasi, Serta didukung Oleh Produk yang Berkualitas dan Harga yang Kompetitif Dalam Bidang ICT (Information and Communication Technology) Khususnya dalam Bidang Infrastruktur, Multimedia, Dan Komunikasi "" Misi : "" Berfokus Pada Servise (Pelayanan) Yang Baik, Memberikan Solusi yang tepat guna kepada Mitra atau Pelanggan atas Investasi yang dikeluarkan. Menjaga Kejujuran, Integritas dan Kreativitas Untuk Terus Berinovasi dalam Bidang ICT """,https://gifera-odo.com/,"Industri : Teknologi Informatika"
"IT Support","Jakarta Barat",Negosiasi,"Junior / Entry Level",Diploma/D1/D2/D3,"Sarjana / S1","PT Multi Hidrachrome Industri merupakan perusahaan yang bergerak dibidang Hydraulic Manucturer & Harchrome Plating Services. Kami saat ini sedang membutuhan IT Support yang kompeten dibidangnya dan bertugas untuk instalasi, evaluasi dan peningkatan terhadap tiga objek utama yaitu komputer, software, dan pengembangan sistem jaringan atau network system.

Tanggung Jawab Pekerjaan :

– Melakukan backup Database
– Meguasai pengoperasian Microtic
– Dapat melakukan instal ulang balik PC maupun Laptop/ Cloning Data
– Memelihara server dan jaringan LAN serta email
– Memelihara Printer/perbaikan printer jika tidak terkoneksi  

Keahlian :

1. Menguasai Sistem Operasi MS Office
2. Menguasai Sistem Jaringan
3. Menguasai Program Komputer
4. Menguasai Penanganan Virus Dan Malware
5. Menguasai Perangkat Lainnya Yang Terhubung Dengan Komputer
6. Menguasai Hal-Hal Yang Berkaitan Dengan Data
7. Mengetahui Masalah Komputer Dengan Cepat
8. Menguasai Hardware Komputer

Kualifikasi :

– Pria
– Usia maks 30 tahun
– Pendidikan minimal D3/S1
– Pengalaman minimal 1 tahun

Waktu Bekerja :
Senin-Jumat 08.00-16.00, Sabtu 08.00-13.30
Tunjangan :

– BPJS Kesehatan dan Ketenagakerjaan

Insentif :

– Uang Lembur",https://www.loker.id/information-technology/help-desk-it-support/it-support-pt-multi-hidrachrome-industri-jakarta-barat.html,"2024-05-02 00:00:00","         
               
            PT. Multi Hidrachrome Industri        ","Hydraulic Manufacturer & Hardchrome Plating Services",https://www.mhi.co.id,"Industri : Manufakturing Umum"
"Staff IT","Bandung Kota","Rp.4 – 5 Juta","Junior / Entry Level",Diploma/D1/D2/D3,"SMA / SMK / STM","Kami Perusahaan Jasa Telekomunikasi Alihdaya sedang mencari individu yang berbakat dan berpengalaman untuk bergabung dengan tim kami di PT KINARYA ALIHDAYA MANDIRI. Jika Anda adalah seorang yang bersemangat, berkomitmen, dan ingin menjadi bagian dari perjalanan kami, kami mengundang Anda untuk melamar posisi Staff IT di perusahaan kami.

Tanggung Jawab Pekerjaan :

1. Maintenance & development sistem/aplikasi
2. Maintenance Jaringan & Troubleshooting

Keahlian :

1. Familiar dengan windows (Linux sebagai nilai plus)
2. Terbiasa melakukan troubleshoot jaringan, troubleshoot laptop/pc dan instalasi jaringan
3. Memiliki sertifikasi jaringan CCNA/MTCNA
4. Menguasai Basic Dasar Network
5. Menguasai hardware dan shoftware komputer (Dekstop Manaagement)

Kualifikasi :

1. Pria, usia maks 35 tahun
2. Pendidikan minimal SMA/SMK
3. Pengalaman Kerja 1-2 tahun di bidang IT Support
4. Domisili Dibandung.
5. Deadline 31 Mei 2024
      Urgent Requirement

Waktu Bekerja :
jam 8 – 17 Senin – Jumat
Tunjangan :

BPJS Ketenegakerjaan dan BPJS Kesehatan

Insentif :

Uang Lembur",https://www.loker.id/information-technology/help-desk-it-support/staff-it-pt-kinarya-alihdaya-mandiri-regional-jawa-barat-bandung-kota.html,"2024-04-30 00:00:00","         
               
            PT KINARYA ALIHDAYA MANDIRI Regional Jawa Barat        ","Perusahaan Bergerak dalam bidang Pengadaan Alihdaya (outsourcing) dan tenaga Keamanan. Kami memiliki beberapa wilayan/ regional salah satunya di Jawa Barat",https://www.loker.id/laporkan-iklan?job_id=12979548,"Industri : Manajemen Sumber Daya Manusia (HRD) / Konsultasi"
"IT Support Staff",Surabaya,"Rp.3 – 4 Juta","Junior / Entry Level","Sarjana / S1","Purna Waktu / Full Time","PT Cipta Infoma memiliki anak perusahaan yang saat ini sedang membutuhkan Staff IT. Kami membutuhkan Staff IT untuk penempatan di Surabaya yang akan bertugas untuk memelihara dan memantau sistem dan program di Rumah Sakit.

Tanggung Jawab Pekerjaan :

1. Maintaining and monitoring system and program in the Hospital
2. Handling customer complain directly, either face-to-face or via telephone, to help resolve request /issues
3. Providing report to user or internal

Keahlian :

1. Understand computer science and information systems
2. Good communication skills

Kualifikasi :

1. Male, 22 – 27 years old
2. 1 – 2 years of relevant experience in a similar role or Fresh graduate are welcome
3. Placement in Surabaya
4. Bachelor (S-1) degree in Computer System, Informatics Engineering, Information System, Informatics Management. GPA minimal 3.00

Waktu Bekerja :
Monday to Saturday (*Saturday half day)
Tunjangan :

Transportasi, Kesehatan, Ketenagakerjaan

Insentif :

Insentif per Project",https://www.loker.id/information-technology/help-desk-it-support/it-support-staff-pt-cipta-infoma-surabaya-4.html,"2024-04-22 00:00:00","         
               
            PT Cipta Infoma        ","PT. Cipta Infoma adalah Perusahaan Konsultan Telekomunikasi yang sudah berdiri sejak tahun 2005 dan berlokasi di Jakarta Selatan",https://www.loker.id/laporkan-iklan?job_id=12922635,"Industri : Teknologi Informatika"
"WordPress Content Officer","Jakarta Timur",Negosiasi,"Junior / Entry Level",Diploma/D1/D2/D3,"Sarjana / S1","Sebagai WordPress Content Officer sebuah  portal property yang sedang  berkembang pesat. Anda akan berperan  dalam membuat dan meng-update content, menjaga kestabilan sistem situs web, mengelola database properti dan user serta merawat Web security-nya.

Tanggung Jawab Pekerjaan :

•	Mengembangkan, memelihara, dan memperbarui tampilan situs WordPress secara komprehensif sesuai kebutuhan untuk memastikan stabilitas dan kinerja.
•	Periksa sistem monitoring  situs secara rutin dan segera respons setiap alerts atau masalah yang muncul, untuk memastikan optimalnya kinerja dan kesehatan situs.
•	Mengelola, meninjau dan follow up postingan listing properti online
•	Lakukan update  secara berkala pada situs web, termasuk WP core , theme, dan plugin, untuk memastikan situs tetap aman dan berfungsi setiap saat.
•	Mengelola database listing properti dan user : edit,  mensortir, mengekstrak data
•	Memposting artikel online  dan video
•	Menjaga performa dan loading speed situs web
•	Maintenance Hosting dan Domain
•	Mengelola web banner
•	Memoderasi chat dan comments di situs web
•	Membuat backlink
•	Memberikan laporan kerja mingguan kepada atasan

Keahlian :

•	Familiar dengan dan paham praktek Website security : mencari dan memperbaiki celah keamanan pada website tersebut
•	Pemahaman yang kuat dan pengalaman kerja memadai dengan WordPress, termasuk teknik pengoptimalan situs web, website security,  site migration. Fungsi-fungsi Word Press, themes serta plugins WordPress
•	Terbiasa menggunakan Hosting Control Panel Webuzo
•	Memahami dan familiar  SEO menjadi nilai plus
•	Memiliki kemampuan analisa yang solid dan mampu  mengantisipasi kondisi yang dapat mengakibatkan terjadinya bug dan error. Melakukan test berkala dan debugging 

Kualifikasi :

•	Usia antara 22 hingga 37 tahun
•	Pendidikan Minimal D3 jurusan Sistem Informasi / Teknologi  Komputer / Teknik Komputer dan sejenisnya.  Lulusan  S1 menjadi nilai plus,  terbuka untuk Fresh Graduate
•	Domisili di Jakarta Timur atau Bekasi Barat  lebih di sukai

Waktu Bekerja :
Jam 8.30 – 17.00 ; Senin s.d Jum’at
Insentif :

– Paket insentif yang menarik berdasarkan performance dan pencapaian target
– Peluang pelatihan dan pengembangan.
– Tunjangan Hari Raya",https://www.loker.id/information-technology/web-administrator/wordpress-content-officer-rumahdimana-com-jakarta-timur.html,"1970-01-01 07:00:00","         
               
            RumahDimana.com        ","RumahDimana.com merupakan marketplace jual beli rumah dan properti, sebuah solusi pasti dan terpercaya. Sebuah platform digital yang siap melayani kebutuhan jual beli properti, didukung oleh 'living database' yang berisi ribuan listing rumah tapak, ruko, unit apartemen, serta tanah kavling, baik untuk dijual maupun disewakan.",https://rumahdimana.com/,"Industri : Pengembangan Properti"
"Kordinator Teknisi Jaringan",Bekasi,"Rp.6 – 7 Juta","Supervisor / Coordinator",Diploma/D1/D2/D3,"Sarjana / S1","Senior Teknisi Jaringan Fiber To The Home (FTTH) yang bertanggung jawab dan mahir terhadap proses pemasangan jaringan koneksi internet baik dengan menggunakan kabel Fiber Optic (FO), konfigurasi Fiber To The Home (FTTH), kabel UTP, kabel FTP dan juga melakukan setting konfigurasi mikrotik, olt epon, olt gpon, modem ont dan modem onu. 

Tanggung Jawab Pekerjaan :

– Perancangan jaringan Fiber To The Home (FTTH)
– Melakukan monitoring aktivitas instalasi dan maintenance yang dilakukan oleh Teknisi sesuai dengan target dan kualitas yang sudah ditetapkan
– Memberikan dukungan teknisi melalui pemecahan masalah jarak jauh atau di tempat
– Memberikan solusi teknis untuk mendukung peralatan jaringan akses pelanggan
– Memberikan informasi dan memastikan layanan pelanggan bisa di gunakan dan tidak terkendala
– Memastikan pelanggan mengerti apabila terjadi kendala baik secara teknis atau non teknis
– Melakukan monitoring Perbaikan dan pemeliharaan jaringan koneksi internet termasuk didalamnya melakukan konfigurasi routing

Keahlian :

– Memiliki pengetahuan yang baik tentang Fiber Optic/GPON/OTN Network,Splicing
– Keahlian cabling jaringan komputer meliputi : memasang jenis-jenis kabel jaringan fiber optic, UTP dan FTP
– Keahlian merancang dan membangun jaringan komputer LAN dengan mempertimbangkan konsep ideal jaringan komputer.
– Keahlian melakukan perhitungan IP addressing seperti subnetting, dsb.
– Keahlian setting dan konfigurasi switch (switching).
– Keahlian setting dan konfigurasi router (routing) dan Fiber To The Home (FTTH)
– Keahlian setting dan konfigurasi OLT GPON dan OLT EPON.
– Menguasai Alat-Alat Fiber Optic seperti Splicer, OTDR , OPM, OLS dan lain lain.
– Menguasai LINUX/BSD/Mikrotik

Kualifikasi :

– Pria
– SMK Teknik Jaringan,
– Pendidkan D3 / S1 Jurusan Teknik Informatika
– Berpengalaman minimal 4 tahun sebagai Teknisi Jaringan Fiber To The Home (FTTH) dan JOINTER.
– Pengalaman bekerja di Internet Service Provider (ISP) lebih diutamakan Menguasai konsep dasar TCP/IP
– Memiliki sepeda motor dan SIM C
– Penempatan Bekasi

Waktu Bekerja :
Senin – Sabtu Jam 08.00 sd 17.30",https://www.loker.id/information-technology/network-engineer/kordinator-teknisi-jaringan-pt-digital-netcom-solution-bekasi.html,"1970-01-01 07:00:00","         
               
            PT. DIGITAL NETCOM SOLUTION        ","PT. DIGITAL NETCOM SOLUTION, merupakan perusahaan yang berkembang pesat dalam bidang usaha Penyedia Jasa Layanan Internet - Internet Service Provider (ISP) dengan merek dagang SkyNet. SkyNet merupakan solusi internet bagi seluruh lapisan masyarakat yang membutuhkan aktivitas serba online. SkyNet menghadirkan internet berkecepatan tinggi unlimited dengan biaya terjangkau dan kualitas layanan terbaik bagi pelanggan.",https://sky-net.web.id,"Industri : Teknologi Informatika"
"Teknisi Jaringan",Bekasi,"Rp.3 – 4 Juta","Junior / Entry Level",Diploma/D1/D2/D3,"Sarjana / S1","Bertanggung jawab terhadap proses pemasangan jaringan koneksi internet baik dengan menggunakan kabel Fiber Optic (FO), konfigurasi Fiber To The Home (FTTH), kabel UTP, kabel FTP, PTP Wireless (Radio) dan juga melakukan setting konfigurasi router serta modem.

Tanggung Jawab Pekerjaan :

– Melakukan aktivitas instalasi dan aktivasi kepada pelanggan
– Memberikan dukungan teknis kepada pelanggan melalui pemecahan masalah jarak jauh atau di tempat
– Memberikan solusi teknis untuk mendukung peralatan jaringan akses pelanggan
– Memberikan informasi dan memastikan layanan pelanggan bisa di gunakan dan tidak terkendala
– Memastikan pelanggan mengerti apabila terjadi kendala baik secara teknis atau non teknis

Keahlian :

– Memiliki pengetahuan yang baik tentang Fiber Optic/GPON/OTDR Network, Splicing
– Mengetahui fiber optik, troubleshoot, dll
– Memiliki pengetahuan atau pernah mengangani Fiber Optic, FTTH atau telekomunikasi / ISP
– Keahlian cabling jaringan komputer meliputi : membuat jenis-jenis kabel jaringan.
– Keahlian merancang dan membangun jaringan komputer Fiber To The Home (FTTH)
– Keahlian melakukan perhitungan IP addressing seperti subnetting, dsb.
– Keahlian setting dan konfigurasi switch (switching).
– Keahlian setting dan konfigurasi router (routing).
– Keahlian setting dan konfigurasi access point wireless.
– Memiliki keterampilan teknis dan komunikasi yang baik
– Bersedia bekerja shift dan mobile

Kualifikasi :

– Pria
– SMK Teknik Jaringan,
– D3 / S1 Jurusan Teknik Informatika
– Usia max. 35 tahun
– Berpengalaman minimal 1 tahun sebagai Teknisi Jaringan FTTH/Teknisi BTS Provider.
– Pengalaman bekerja di ISP lebih diutamakan Menguasai konsep dasar TCP/IP
– Menguasai LINUX/BSD/Mikrotik/Cisco
– Menguasai Wireless network Memahami Cisco Router, Catalyst, Trunking + VLAN
– Tidak takut ketinggian dan bisa memanjat tower
– Memiliki sepeda motor dan SIM C
– Penempatan JABODETABEK

Waktu Bekerja :
Jam 06.00 sd 18.00, 7 hari kerja per minggu
Tunjangan :

Uang Makan & Transport",https://www.loker.id/information-technology/network-engineer/teknisi-jaringan-pt-digital-netcom-solution-bekasi.html,"1970-01-01 07:00:00","         
               
            PT. DIGITAL NETCOM SOLUTION        ","PT. DIGITAL NETCOM SOLUTION, merupakan perusahaan yang berkembang pesat dalam bidang usaha Penyedia Jasa Layanan Internet - Internet Service Provider (ISP) dengan merek dagang SkyNet. SkyNet merupakan solusi internet bagi seluruh lapisan masyarakat yang membutuhkan aktivitas serba online. SkyNet menghadirkan internet berkecepatan tinggi unlimited dengan biaya terjangkau dan kualitas layanan terbaik bagi pelanggan.",https://sky-net.web.id,"Industri : Teknologi Informatika"
"IT Consultant","Jakarta Barat","Rp.8 – 9 Juta","Junior / Entry Level","Sarjana / S1",Kontrak,"PT. Lensung Indonesia provides total solution services, from IT Infrastructure aspect: Hardware, Software, Networking, Cloud Computing, to the Business aspect for multi-sector industries. Lensung will propose the best available solutions that meet Clients needs and requirements regardless of the Brand of the Products.
We sincerely invite you to join our team and make our contribution to the development of the country’s industrialization through the IT solutions we provide. We believe that your professional abilities will be greatly improved here, and we hope that we can grow together and stay happy together.
We are looking for IT Consultants
The working venue is in Jakarta Barat
Working with a cross-functional Global Team
Fresh graduates are encouraged to apply (GPA＞3.5)

Tanggung Jawab Pekerjaan :

1.Maintaining awareness and understanding of current environment both on business and technique.
2.Obtaining deep understanding about context/background related with user’s requirements. Helping user detect problems and sort out needs.
3.Have architectural oversight to provide solutions, technical guidance and functional specifications based on business requirements.
4.Interact with prospective customers through executive meetings, discovery conversations, proposed solution demonstrations, executive presentations, and follow-up discussions.
5.Managing or executing specific project deliverables and scope to ensure project schedules & timelines are respected.

Keahlian :

1.Bachelor’s degree in Computer/Engineering/Science/Related.
2.Good to have knowledge in Software Development, Networking,Telecommunication, IT System, E-commerce Services.
3.Excellent verbal and written communication skills in Bahasa Indonesia, and fluent business level English in spoking and writing.
4.Critical Thinking, Fast Learning, Team Working and Strong Initiative.

Kualifikasi :

Bachelor’s degree in Computer/Engineering/Science/Related

Waktu Bekerja :
8:30-12:00，13:00-17:30",https://www.loker.id/information-technology/help-desk-it-support/it-consultant-pt-lensung-technology-indonesia-jakarta-barat.html,"1970-01-01 07:00:00","         
               
            PT.Lensung Technology Indonesia        ","PT.Lensung Indonesia provides total solution services, from IT Infrastructure aspect: Hardware, Software, Networking, Cloud Computing, to the Business aspect for multi-sector industries. Lensung will propose the best available solutions that meet Clients needs and requirements regardless of the Brand of the Products.",https://www.lensung.id,"Industri : Teknologi Informatika"
"System Administrator","Jakarta Selatan",Negosiasi,"Junior / Entry Level",Diploma/D1/D2/D3,"Master / S2","PT ICP Cipta Prima is part of Incenplus Marketing Group Sdn. Bhd. in Malaysia established since 1996. We specialize in creating and developing software solutions, especially Customer Relationship Management in web and mobile apps version.

Tanggung Jawab Pekerjaan :

Responsible for server setup, installation,and maintenance of application. Responsible for developing CI/CD pipeline and update the documentation.

Keahlian :

Experience in development using Github and CI/CD pipeline.
Experience in Microsoft Architecture.
Experience in Linux system management and containerization such as Linux, Docker, or similar software.
Experience in bash shell scripting.
Experience in setting up Web server for Web Development (Apache, Nginx, PHP)
Experience in SQL database server management, such as MySQL/ Postgresql.

Kualifikasi :

Have at least > 2 years experience and a portfolio as SysAdmin in the development team of a development fields.

Waktu Bekerja :
Jam 08.30 s/d 17.00 Senin s/d Jumat",https://www.loker.id/information-technology/system-administrator/system-administrator-pt-icp-cipta-prima-jakarta-selatan.html,"1970-01-01 07:00:00","         
               
            PT ICP Cipta Prima        ","PT ICP Cipta Prima is part of Incenplus Marketing Group Sdn. Bhd. in Malaysia established since 1996. We specialize in creating and developing software solutions, especially Customer Relationship Management in web and mobile apps version.",https://incenplus.com/,"Industri : Teknologi Informatika"
"Staff IT Support","Jakarta Barat","Rp.1 - 2 Juta","Junior / Entry Level",Diploma/D1/D2/D3,"SMA / SMK / STM","PT Sari Kreasi Boga adalah perusahaan yang bergerak di bidang penjualan bahan baku dan waralaba makanan dan minuman membutuhkan kadidat dengan posisi : Freelance Staff IT Support

Tanggung Jawab Pekerjaan :

Maintance Jaringan, Jaringan, Website, Domain Email, Telepon

Keahlian :

Memahami dan menguasai segala hal yang berhubungan dengan komputer.
Memahami prinsip-prinsip jaringan seperti topologi jaringan, protokol komunikasi, dan cara kerja perangkat jaringan seperti switch, router, dan firewall.

Kualifikasi :

Pria/Wanita
Umur Min. 20 th Maks. 40 th
Pendidikan Minimal SMA/SMK
Non Pengalaman/ Min. Pengalaman 1 Th

Waktu Bekerja :
Jam : 08-17, Senin s.d. Jum’at",https://www.loker.id/information-technology/help-desk-it-support/staff-it-support-pt-sari-kreasi-boga-tbk-jakarta-barat.html,"1970-01-01 07:00:00","         
               
            PT Sari Kreasi Boga, Tbk        ","PT Sari Kreasi Boga, Tbk (SKB Food) adalah suatu perseroan terbatas yang saat ini bergerak dibidang penjualan bahan baku dan waralaba makanan dan minuman. Perseroan memiliki kegiatan usaha untuk mendistribusikan bahan baku baik berupa olahan maupun non olahan (segar) dari penyedia/supplier kepada mitra waralaba dan mitra distributor/stokist yang tersebar di seluruh wilayah Indonesia. Perseroan membangun rantai distribusi supply bahan baku makanan kepada mitra waralaba yang telah bermitrra dengan perseroan. Dengan adanya potensi rantai distribusi yang telah dibangun, dapat mengembangkan penjualan kepada pangsa pasar selain mitra waralaba seperti hotel, restoran, kafe, tradisional market, pemindangan, dan toko kelontong yang tersebar di area JABODETABEK dan seluruh Indonesia.",https://skbfood.id,"Industri : Consumer Goods"
"IT Support",Surabaya,Negosiasi,"Junior / Entry Level",Diploma/D1/D2/D3,"SMA / SMK / STM","Tanggung Jawab Pekerjaan :

– Mampu memperbaiki perangkat keras yang rusak atau debugging perangkat lunak,
– Memantau sistem dan jaringan untuk mendeteksi potensi ancaman keamanan,
– Membantu mengatasi masalah teknis yang dialami oleh pengguna dan memberikan solusi dengan cepat,
– Pengecekan/ perbaikan/ pelaporan pekerjaan di lapangan setelah instalasi
– Install software yang dibutuhkan di lapangan sesuai dengan SOP perusahaan
– Troubleshooting hardware/ software problem dengan customer via onsite maupun remote
– Memantau kinerja sistem dan perangkat keras,

Keahlian :

– Menguasai sistem software dan hardware dengan baik
– Memahami sistem jaringan internet
– Memiliki pemahaman mendalam tentang prinsip-prinsip keamanan informasi, termasuk enkripsi, manajemen identitas, pengendalian akses, dan deteksi ancaman
– Memiliki Pemahaman Perangkat Keras (Hardware) & Perangkat Lunak (Software) dengan baik,

Kualifikasi :

Pria/ wanita
min usia 22 tahun
Min pengalaman di bidang IT 2 tahun
memiliki kendaraan sendiri

Waktu Bekerja :
Jam 8 sd 17 senin sd jumat. jam 8 sd 14 sabtu",https://www.loker.id/information-technology/help-desk-it-support/it-support-pt-media-bersama-sukses-surabaya.html,"1970-01-01 07:00:00","         
               
            PT MEDIA BERSAMA SUKSES        ","PT Media Bersama Sukses Kami adalah perusahaan yang bergerak di bidang security technology system. Kami telah berkarya sejak tahun 1998 dan kini telah berkembang pesat dan berpengalaman dalam pemasangan instalasi dan maintenance. Kami telah merintis dan memantapkan usaha sebagai provider dan distributor produk teknologi keamanan yang berkualitas antara lain CCTV, Access Control, Finger Print, Fire System, Time Attendance, Public Address & Voice Alarm. Bermodalkan kepercayaan yang telah diberikan, PT. Media Bersama Sukses merambah berbagai penjuru di Nusantara dan menangani instalasi di berbagai perusahaan besar. Salah satu mitra usaha kami dari Amerika yaitu Honeywell memberikan penghargaan kepada kami atas kontribusi dan performa yang sangat baik. Hal ini menjadi tolak ukur bahwa kami adalah badan usaha yang berpengalaman dan terpercaya.",https://www.mbscctv.com/,"Industri : Teknologi Informatika"
"IT Officer","Jakarta Utara","Rp.5 – 6 Juta","Junior / Entry Level","Sarjana / S1",Kontrak,"Koperasi Nusa Raya Cipta didirikan pada tahun 2017 dan mulai beroperasi pada tahun 2018 yang bergerak dibidang koperasi simpan pinjam dan menyediakan bantuan modal kerja bagi para anggotanya. Saat ini kami membuka lowongan kerja untuk mengisi posisi sebagai IT Officer

Tanggung Jawab Pekerjaan :

– Melakukan pengecekan hingga memperbarui sistem operasi dan aplikasi yang dijalankan oleh pengguna
– Memastikan bahwa setiap aplikasi yang digunakan bisa berjalan dengan baik
– Melakukan beberapa pengaturan pada browser yang sering digunakan
– Menjaga keamanan sistem dengan menggunakan tools seperti antivirus dan sejenis lainnya
– Melakukan backup secara berkala terhadap semua data perusahaan
– Memastikan bahwa setiap komputer yang digunakan bisa berkomunikasi dengan baik dan terhubung dengan sistem jaringan
– Melakukan pembaruan dan pengecekan terhadap aplikasi atau sistem operasi yang digunakan
– Memastikan setiap data yang ada di komputer tidak bisa diambil oleh orang lain tanpa izin yang bersangkutan

Keahlian :

– Keterampilan pemecahan masalah yang sangat baik dan detail
– Keterampilan komunikasi dan interpersonal yang baik
– Memiliki pengetahuan berbagai bahasa pemrograman (Oracle, PHP, Java dan Jaringan Komputer menjadi point plus)
– Familiar dengan PL/SQL, framework front-end mainstream

Kualifikasi :

– Pria/Wanita
– Usia maksimal 38 tahun
– Pengalaman minimal 2 tahun sebagai Software Engineer atau peran serupa. Pengalaman di bidang JasaKeuangan atau Perbankan lebih diutamakan
– Pendidikan S1 sederajad",https://www.loker.id/information-technology/help-desk-it-support/it-officer-koperasi-nusa-raya-cipta-jakarta-utara.html,"1970-01-01 07:00:00","         
               
            KOPERASI NUSA RAYA CIPTA        ","Koperasi Nusa Raya Cipta merupakan Koperasi Simpan Pinjam yang menjadi alternatif solusi keuangan masyarakat. Saat ini Koperasi Nusa Raya Cipta sudah memiliki 50 cabang yang tersebar di DKI Jakarta, Banten, Bekasi, Jawa Barat, Jawa Tengah, Sumatera Selatan, dan NTB. Our Product adalah pendanaan motor baru, pendanaan modal kerja, dan pendanaan mobil bekas.",https://kspnusa.co.id/,"Industri : Layanan Keuangan"
"Staff IT",Bekasi,"Rp.3 – 4 Juta","Junior / Entry Level",Diploma/D1/D2/D3,"Sarjana / S1","PT. Sebastian Jaya Metal adalah perusahaan yang memproduksi komponen kendaraan bermotor roda dua & empat. Kami saat ini membutuhkan Staff IT yang mampu menjalankan tugas yang diberikan oleh Leader dengan baik untuk penempatan di daerah Bekasi. 

Tanggung Jawab Pekerjaan :

– Membuat dan mendesain program
– Melakukan perubahan program sesuai perkembangan dan kebutuhan Perusahaan
– Melakukan pemasangan LAN (jaringan)
– Instalasi komputer
– Melakukan perbaikan dan pemeliharaan berkala peralatan IT
– Koordinasi dengan bagian lain terkait permasalahan IT

Keahlian :

– Menguasai bahasa program PHP, Data base SQL, Frame work codeigneter (memiliki keahlian Programming)
– Memiliki pengalaman membuat dan mendesign web
– Menguasai jaringan lokal dan internet (LAN/WAN)
– Mengerti troubleshooting, hardware, software
– Memiliki kemampuan analisa dan pemecahan masalah

Kualifikasi :

1. Laki-laki / Perempuan
2. Usia maksimal 27 Tahun
3. D3/S1 Jurusan Sistem Informasi/ Teknik Informatika
4. IPK minimal 2.75
5. Memiliki SIM A dan SIM C (lebih diutamakan)
6. Fresh Graduate/ pengalaman 1 thn dibidangnya

Waktu Bekerja :
Senin – Jumat : Jam 08.00 s/d 16.00, Sabtu : Jam 08.00 s/d 13.00
Tunjangan :

– Uang Makan
– Uang Transport
– BPJS Ketenagakerjaan

Insentif :

– Insentif Lembur (Overtime)",https://www.loker.id/information-technology/help-desk-it-support/staff-it-pt-sebastian-jaya-metal-bekasi-3.html,"1970-01-01 07:00:00","         
               
            PT. Sebastian Jaya Metal        ","Sebuah perusahaan yang memproduksi komponen kendaraan bermotor roda dua & empat.",https://www.loker.id/laporkan-iklan?job_id=10311471,"Industri : Automobil / Mesin Tambahan Automotif / Kendaraan"
"Staff Micro Controller",Bogor,"Rp.5 – 6 Juta","Junior / Entry Level","Master / S2","Sarjana / S1","PT. MELCOINDA perusahaan PMA jepang berlokasi di Sentul Bobor,  bergerak dibidang Elektronik.  membutuhan segera beberapa staff Microcontroller.  dengan memiliki keahlian sesuai bidangnya.  

Tanggung Jawab Pekerjaan :

	Membuat rangkaian modul
	Menguasai program Microcontroller

Keahlian :

	Mempunyai wawasan tentang IoT dan penerapannya di dunia industri
	Memahami rangkaian dan PCB
	Menguasai pemrograman Python

Kualifikasi :

Berpengalaman dibidangnya Minimal 2 th,  Fresh graduate tidak masalah.  Pendidikan minimal S1

Waktu Bekerja :
Jam 8.00 s/d 17.00    Senin s/Jumat",https://www.loker.id/information-technology/iot-engineer/staff-micro-controller-pt-melcoinda-bogor-2.html,"1970-01-01 07:00:00","         
               
            PT. MELCOINDA        ","PT. MELCOINDA merupakan perusahaan bergerak dibidang Elektronik berstatus PMA berlokasi di Sentul- Bogor",https://www.loker.id/laporkan-iklan?job_id=12782981,"Industri : Industri Mesin / Peralatan Otomatisasi"
"Teknisi Wireless",Bekasi,Negosiasi,"Supervisor / Coordinator",Diploma/D1/D2/D3,"Sarjana / S1","-Cyberlink Networks adalah perusahaan IT yang sedang berkembang pesat berdomisili di Kota Bekasi. Kami menyediakan Layanan High Speed Internet Access dan Solusi IT lainnya kepada berbagai perusahaan yang terletak di Jakarta, Bekasi, Cikarang dan sekitarnya.
-Untuk menunjung ekspansi bisnis Cyberlink Networks, saat ini kami mencari kandidat terbaik yang memiliki motivasi dan dedikasi tinggi terhadap pekerjaan untuk posisi Teknisi Wireless.

Tanggung Jawab Pekerjaan :

-Melakukan pemasang & konfigurasi radio antenna Point-to-Point
-Melakukan survey lokasi client sebelum dilakukan instalasi
-Melakukan rutin maintenance terhadap perangkat yang digunakan oleh Client.
-Membuat laporan pekerjaan sesuai dengan standard perusahaan.

Keahlian :

-Dapat mengkonfigur perangkat wireless seperti Ubiquity, Mikrotik, dan perangkat wireless lainnya.
-Dapat memanjat dan tidak takut ketinggian.

Kualifikasi :

-Jujur
-Disiplin
-Mau belajar & bekerja keras.
-Memiliki keinginan untuk maju & sukses
-Mampu bekerja secara team ataupun Individu

Waktu Bekerja :
N/A",https://www.loker.id/information-technology/network-engineer/teknisi-wireless-cyberlink-networks-bekasi.html,"1970-01-01 07:00:00","         
               
            CYBERLINK NETWORKS        ","Cyberlink Networks is a fast IT growing company, specialized in providing Internet Services and IT solution with existing office in Bekasi",http://www.cyberlink.co.id,"Industri : Teknologi Informatika"
"Network Engineer ISP",Bekasi,Negosiasi,"Junior / Entry Level",Diploma/D1/D2/D3,"Sarjana / S1","-Cyberlink Networks adalah perusahaan IT yang sedang berkembang pesat berdomisili di Kota Bekasi. Kami menyediakan Layanan High Speed Internet Access dan Solusi IT lainnya kepada berbagai perusahaan yang terletak di Jakarta, Bekasi, Cikarang dan sekitarnya.
-Untuk menunjung ekspansi bisnis Cyberlink Networks, saat ini kami mencari kandidat terbaik yang memiliki motivasi dan dedikasi tinggi terhadap pekerjaan untuk posisi Network Engineer.

Tanggung Jawab Pekerjaan :

-Memonitor jaringan LAN dan WAN perusahaan.
-Memonitor status koneksi ke BTS dan Pelanggan.

Keahlian :

-Menguasai konfigurasi Mikrotik queue tree, simple queue
-Berpengalaman dalam mengkonfigur; static & dynamic routing, VLAN, Proxy, QOS, Firewall, VPN, menggunakan Mikrotik.
-Berpengalaman dalam hal monitoring & troubleshooting WAN, BTS, NOC Servers, routers, wireless networks, dll.
-Memiliki pengetahuan dalam hal BGP, OSPF, Web Server, Mail Server, Proxy Server, OpenVPN dan DNS merupakan nilai tambah.

Kualifikasi :

Pendidikan minimal SMA sederajad
Memiliki pengalaman kerja sebagai Network Engineer di ISP, Network Access Provider, atau IT Networking Company lebih diprioritaskan.",https://www.loker.id/information-technology/network-engineer/network-engineer-isp-cyberlink-networks-bekasi-2.html,"1970-01-01 07:00:00","         
               
            CYBERLINK NETWORKS        ","Cyberlink Networks is a fast IT growing company, specialized in providing Internet Services and IT solution with existing office in Bekasi",http://www.cyberlink.co.id,"Industri : Teknologi Informatika"
"IT Support","Jakarta Selatan","Rp.3 – 4 Juta","Junior / Entry Level","Sarjana / S1","Purna Waktu / Full Time","PT. Atra Widiya GAung berdiri sejak tahun 1981 dan mengkhususkan diri pada pengadaan peralatan medis. saat ini kami membuka lowongan kerja untuk mengisi posisi sebagai it support

Tanggung Jawab Pekerjaan :

–  Memeriksa dan memastikan semua komputer yang user pakai.
–  Memastikan semua komputer terhubung ke jaringan.
–  Memeriksa dan memastikan aplikasi yang digunakan user dapat berjalan sesuai dengan semestinya.
–  Melakukan update sistem operasi atau aplikasi secara berkala.
–  Membuat dan merangkai sistem jaringan dan kabel data
–  Menginstal konfigurasi antivirus demi keamanan komputer.
–  Memahami prinsip kerja hub, router, dan switch.
–  Memahami dasar jaringan kompter dan mengerti jaringan komputer yang digunakan
–  Membuat brosur pameran dll

Keahlian :

–  Menguasai jaringan komputer programmer
–  Mampu membuat konten medsos, menganalisa, dan mengelola campaign.
–  Menguasai grafis design dan pengeditan video
–  Memmahami prinsip SEO ) Search Engine Optimization) 

Kualifikasi :

–  Pria/ wanita max 40 thn
–  Berpengalaman di bidangnya minimal 2 thn
–  Lulusan S1 Teknik informatika atau SI
–  Bekerja dengan Jujur dan dapat dipercaya
–  Dapat diandalkan dan berinisiatif

Tunjangan :

Uang makan, transport

Insentif :

Uang lembur",https://www.loker.id/information-technology/help-desk-it-support/it-support-pt-atra-widiya-agung-jakarta-selatan.html,"1970-01-01 07:00:00","         
               
            PT. Atra Widiya Agung        ","PT Atra Widiya Agung didirikan pada tahun 1981 yang mengkhususkan diri pada sektor pengadaan peralatan medis. Perusahaan kami secara berkesinambungan selalu menyesuaikan diri dengan perubahan teknologi peralatan medis dan selalu berkembang.",http://atra.co.id,"Industri : Perdagangan Umum dan Distribusi"
"IT Staff",Cirebon,Negosiasi,"Junior / Entry Level","Sarjana / S1",Kontrak,"INSTALL APPLICATION SOFTWARE DISUPPORT DR PROGRAMMER JAKARTA

Tanggung Jawab Pekerjaan :

Menginstall software dan hardware di on-site Cirebon

Keahlian :

Mahir dalam instalasi komputer
Menguasai pemrograman web dan desktop
Menguasai cara setup jaringan dan troubleshoot

Kualifikasi :

Pria dan min 1 tahun di IT hardware dan software
Pendidikan S1 sederajad

Waktu Bekerja :
09.00 S/D 17.00",https://www.loker.id/information-technology/help-desk-it-support/it-staff-pt-sawu-indonesia-cirebon.html,"1970-01-01 07:00:00","         
               
            PT SAWU INDONESIA        ","Kami bergerak di sertifikasi ISO stndard dan uji emisi dan juga Software development termaksud RFID System Integrator",http://sawu-indonesia.net/,"Industri : Teknologi Informatika"
"Staff EDP ( Electronic Data Processing)","Bandung Kota","Rp.6 – 7 Juta","Junior / Entry Level","Sarjana / S1",Kontrak,"CV WESTON TEXTILE  sedang mencari Staff EDP ( Electronic Data Processing)

Tanggung Jawab Pekerjaan :

Membuat program yang sedang berjalandengan supervisor.
Menjamin kelancaran sistem informasi dan jaringan di dalam pabrik.

Keahlian :

Menguasai Programing PHP,MSQL,Delphi.

Kualifikasi :

Pengalaman minimal 1 tahun
Pendidikan S1 sederajad",https://www.loker.id/information-technology/network-engineer/staff-edp-electronic-data-processing-cv-weston-textile-bandung-kota.html,"1970-01-01 07:00:00","         
               
            CV WESTON TEXTILE        ","MEMBUAT BAHAN KNITTING DAN PAKAIAN JADI",https://www.loker.id/laporkan-iklan?job_id=8897907,"Industri : Tekstil / Garment"
"Network Operation Center NOC",Bekasi,"Rp.6 – 7 Juta","Junior / Entry Level",Diploma/D1/D2/D3,"Sarjana / S1","PT. Tele Globe Global adalah perusahaan yang bergerak di bidang Internet Service Provider yang sudah bertahun-tahun melayani dan membangun jaringan baik voice maupun data, dan lain sebagainya dan pelanggannya sudah tersebar di semua daerah. Saat ini kami membutuhkan tenaga Profesional Untuk Posisi Nework Operation Center (NOC). 

Tanggung Jawab Pekerjaan :

1. Melayani Trouble Internet dan Installasi Internet Client
2. Melayani Troble dan New Install Mail Server (ZIMBRA)
2. Report Hasil Kunjungan Client / Day
3. Mencari Data Client Baru
4. Maintenan Insfratruktur Internet

Keahlian :

– Bisa Dan Faham Setting Configurasi Router Mikrotik ( MTCNA )
– Bisa dan Faham Penanganan Troubleshooting Computer & Jaringan
– Bisa dan Faham Network Jaringan
– Menguasai System Linux (Debian, Centos, Dsb)
– Dapat Berkordinasi Dan Berkomunikasi Dengan Client Secara Baik

Kualifikasi :

1. Pria Minimum Usia 19 Thn & Max Usia 30 Tahun
2. Pendidikan Minimal SMA/SMK Sederajat
3. Mampu Bekerja Secara Tim dan Individu
4. Berpengalaman Dibidang Yang Sama Min 3 Tahun
5. Bersedia Ditempatkan Di Kantor Cabang
6. Di Utamakan Pernah Menangani Mail Server
7. Memiliki Kendaraan Pribadi dan Sim C

Waktu Bekerja :
Senin ~ Jum’at Jam 08:00 ~ 17:00, Sabtu Jam : 08:00 ~ 13:00
Tunjangan :

– Uang Tugas ke Luar Kota
– Fee Marketing 2%

Insentif :

– Uang Lembur
– Uang Stanby / Piket",https://www.loker.id/information-technology/network-engineer/network-operation-center-noc-pt-tele-globe-global-bekasi.html,"1970-01-01 07:00:00","         
               
            PT. Tele Globe Global        ","Saat ini PT. Tele Globe Global adalah perusahaan yang bergerak di bidang System Integrator yang sudah bertahun-tahun melayani dan membangun jaringan baik voice maupun data, Mecanical Electonics dan lain sebagainya di beberapa perusahaan yang khususnya di kawasan industri yang berada di daerah JABODETABEK (kawasan industri Jababeka, Cikarang Industrial Estate, Hyundai, Lippo Industrial Estate, kawasan MM2100, Kawasan Berikat Nusantara (KBN), kawasan Industri Citeureup dan sekitarnya sampai di wilayah Sukabumi, Cilegon dan Tangerang, bahkan sampai saat ini cakupan customer sudah menjangkau hingga ke kawasan industri di Karawang dan sekitarnya, subang dan sekitarnya, cirebon, semarang dan sekitarnya.",http://www.tgg.net.id,"Industri : Teknologi Informatika"
"IT Manager","Jakarta Selatan","Rp.7 – 8 Juta","Manager / Assistant Manager",Diploma/D1/D2/D3,"Master / S2","Dibutuhkan Programmer/System analyst untuk dapat berkarya di PT Persona Prima Utama, Perusahaan Penyedia Alih Daya, yang merupakan  anak perusahaan Swadharma BNI.

Tanggung Jawab Pekerjaan :

Merancang, mengembangkan, dan Mengkoordinasikan Implementasi dari Proses Digital Transformasi di PT. Persona Prima Utama.

Keahlian :

1. Memiliki kemampuan Bekerja secara Tim
2. Menguasai Full stack development (phyton, sql, json, restAPI, android, web)
3. Menguasai Dasar Metode Agile Development
4. Akan menjadi nilai lebih jika telah memiliki pengalaman pengembangan aplikasi
5. Memahami Jaringan LAN dan WAN.

Kualifikasi :

1. Menempuh Pendidikan TI minimal Diploma
2. Memperoleh Dasar Metode Agile Development
3. Pengalaman di posisi terkait
4. Dapat berkomunikasi dalam Bahasa Inggris (Aktif/Pasif)

Waktu Bekerja :
Jam 8 – 17, Senin s/d Jumat
Tunjangan :

1. Fasilitas BPJS Kesehatan dan Ketenagakerjaan
2. Fasilitas Tunjangan Hari Raya Keagamaan
3. Uang Kompensasi",https://www.loker.id/information-technology/manajemen-it/it-manager-pt-persona-prima-utama-jakarta-selatan.html,"1970-01-01 07:00:00","         
               
            PT Persona Prima Utama        ","Perusahaan penyaluran Tenaga Kerja",https://www.ptppu.co.id,"Industri : Manajemen Sumber Daya Manusia (HRD) / Konsultasi"
"IT Support",Tangerang,"Rp.6 – 7 Juta","Junior / Entry Level","Sarjana / S1",Kontrak,"Menginstal dan mengkonfigurasi perangkat keras komputer, perangkat lunak, sistem, jaringan, atau perlengkapan IT lainnya, Memantau dan memelihara sistem dan jaringan komputer secara berkala, Memberikan dukungan teknis di seluruh perusahaan, Memperbaiki dan mengganti peralatan bila diperlukan, Laporan bulanan, Mengelolan LAN, Maintenance& Troubleshoot, server.

Tanggung Jawab Pekerjaan :

Bertanggung jawab untuk instalasi, evaluasi dan peningkatan terhadap tiga objek utama yaitu komputer, software, dan pengembangan sistem jaringan atau network system.

Keahlian :

1. Kemampuan problem solving yang baik membantu mereka dalam mengidentifikasi akar masalah serta menemukan solusi yang tepat dengan cepat.
2. Berkomunikasi dengan jelas dan efektif dengan karyawan dari berbagai tingkat keahlian teknis.

Kualifikasi :

Pria
Pendidikan S1
Diutamanakan Pengalaman 3-5 Tahun, Fresh graduate silahkan melamar

Waktu Bekerja :
07.30 – 15.30 (Senin – Sabtu)
Tunjangan :

Bpjs Kesehatan & Bpjs Ketenagakerjaan

Insentif :

Uang Lembur",https://www.loker.id/information-technology/help-desk-it-support/it-support-pt-geum-cheon-engineering-tangerang.html,"1970-01-01 07:00:00","         
               
            PT. GEUM CHEON ENGINEERING        ","PT. GEUM CHEON ENGINEERING merupakan Perusahaan PMA asal Korea, Bergerak dibidang Kontruksi Pabrikasi dan jasa Engineering Laser Cutting yang berlokasi di Jalan Raya Serang Km.24 Cikupa Tangerang Banten",https://www.loker.id/laporkan-iklan?job_id=12250741,"Industri : Industri Mesin / Peralatan Otomatisasi"
"ERP Client Support","Tangerang Selatan",Negosiasi,"Junior / Entry Level","Sarjana / S1",Kontrak,"PT LARONA PRIMA SOLUSI adalah perusahaan pengembang sistem informasi berbasis cloud (SaaS) untuk ERP (accounting) dan payroll; membutuhkan posisi sebagai ERP Client Support yang bertugas untuk memberikan solusi terkait penggunaan layanan atau produk dengan benar.

Tanggung Jawab Pekerjaan :

– Memberikan presentasi mengenai sistem Larona kepada calon-calon klien
– Menyiapkan jadwal dan materi training klien
– Berdiskusi dengan klien untuk menyesuaikan sistem dengan kebutuhan mereka
– Menyelidiki masalah klien melalui testing dan/atau diskusi
– Mencari solusi yang optimal untuk masalah klien
– Membantu klien menerapkan solusi 

Keahlian :

– Menguasai Sistem ERP
– Mengerti prosedur bisnis
– Memiliki pengetahuan dasar Akuntansi dan pajak khususnya PPh & PPN 

Kualifikasi :

– Laki-laki atau perempuan
– S1 sistem informasi
– Minimal 1 tahun pengalaman di bidang implementasi sistem ERP
– Berani tampil dan presentasi di depan orang lain
– Pandai berkomunikasi dengan jelas & singkat
– Pandai mengatur waktu dan mencapai target

Waktu Bekerja :
Senin – Jumat Jam 08.00 – 17.00",https://www.loker.id/information-technology/help-desk-it-support/erp-client-support-pt-larona-prima-solusi-tangerang-selatan.html,"1970-01-01 07:00:00","         
               
            PT LARONA PRIMA SOLUSI        ","PT LARONA PRIMA SOLUSI adalah perusahaan pengembang sistem informasi berbasis cloud (SaaS) untuk ERP (accounting) dan payroll.",http://larona.id,"Industri : Teknologi Informatika"
"Staff IT",Malang,Negosiasi,"Junior / Entry Level",Diploma/D1/D2/D3,"Sarjana / S1","Koperasi Berlian Emas Sejahtera Terus adalah perusahaan yang bergerak di bidang distribusi minuman BALI HAI yang sedang berkembang membutuhkan profesional untuk posisi Staff IT

Tanggung Jawab Pekerjaan :

1. Melakukan pengecekan hingga memperbarui sistem operasi dan aplikasi yang dijalankan oleh perusahaan
2. Memastikan bahwa setiap aplikasi yang digunakan bisa berjalan dengan baik
3. Memastikan bahwa setiap komputer yang digunakan bisa berkomunikasi dengan baik dan terhubung dengan sistem jaringan.
4. Memperbaiki dan mengecek jaringan komputer yang bermasalah
5. Pengadaan peralatan komputer, printer, jaringan internet, dsb

Keahlian :

1. Mengetahui cara pemasangan dan pengoperasian program komputer hingga fungsi dari program komputer
2. Memelihara, mengelola, dan memperbaiki kesalahan pada peralatan komputer di perusahaan

Kualifikasi :

1. Pria maksimal berusia 30 th
2. Berdomisili di Malang
3. Memiliki SIM C dan Kendaraan sendiri
4. Pendidikan minimal SMK, D3, S-1 Manajemen Informatika / Sistem Informasi / Teknik Komputer
5. Berpengalaman sebagai Staff IT di perusahaan minimal 2 tahun
6. Menguasai trouble shooting hardware & software maupun jaringan
7. Menguasai Aplikasi Finger Absensi dan CCTV

Waktu Bekerja :
Senin – Jum’at : 08.00 – 17.00 Sabtu : 08.00 – 13.00",https://www.loker.id/information-technology/help-desk-it-support/staff-it-koperasi-berlian-emas-sejahtera-terus-malang.html,"1970-01-01 07:00:00","         
               
            Koperasi Berlian Emas Sejahtera Terus        ","Koperasi Berlian Emas Sejahtera Terus (BEST) adalah distributor minuman yang sedang berkembang. Koperasi BEST didirikan sejak tahun 2014. Koperasi BEST berkantor pusat di Kota Malang dan memiliki beberapa cabang di 4 kota yaitu Surabaya, Kediri, Madiun, dan Yogyakarta.",https://www.loker.id/laporkan-iklan?job_id=12108792,"Industri : Makanan / Minuman"
"Teknisi Server Komunikasi",Bekasi,"Rp.4 – 5 Juta","Junior / Entry Level",Diploma/D1/D2/D3,"Sarjana / S1","– Menginstal, mengkonfigurasi, dan memelihara perangkat telekomunikasi (IP Phone, telepon, dll)
– Installasi CCTV Analog dan IP Cam
– Melakukan pengawasan kerja server billing dan server komunikasi
– Memelihara PABX konvensional dan IP PABX
– Melayani permintaan pembuatan nomor telpon VOIP di Costumer
– Melayani Pekerjaan Fiber Optic dan Internet

Tanggung Jawab Pekerjaan :

1. Melayani – Instalasi CCTV
2. Report Hasil Kunjungan Client / Day
3. Maintenan insfratruktur internet

Keahlian :

– Bisa dan Faham instalasi CCTV
– Memiliki Pengalaman Fiber Optic
– Project Communication
– Paham tentang PABX

Kualifikasi :

1. Pria Minimum Usia 20 th
2. Pendidikan minimal SMA/SMK komputer jaringan/telekomunikasi
3. Mampu Bekerja Secara Tim
4. Dapat Berkoordinasi dan Berkomunikasi Dengan Client secara Baik
5. Bersedia Ditempatkan Di Kantor Cabang
6. Pengalaman Minimal 2 Tahun Dibidangnya

Waktu Bekerja :
Senin – Jumat jam 08:00 – 17:00 Sabtu 08:00 – 13:00
Tunjangan :

– Uang Lauar Kota

Insentif :

– Uang Lembur
– Uang Stanby / Piket",https://www.loker.id/information-technology/network-engineer/teknisi-server-komunikasi-pt-tele-globe-global-bekasi.html,"1970-01-01 07:00:00","         
               
            PT. Tele Globe Global        ","Saat ini PT. Tele Globe Global adalah perusahaan yang bergerak di bidang System Integrator yang sudah bertahun-tahun melayani dan membangun jaringan baik voice maupun data, Mecanical Electonics dan lain sebagainya di beberapa perusahaan yang khususnya di kawasan industri yang berada di daerah JABODETABEK (kawasan industri Jababeka, Cikarang Industrial Estate, Hyundai, Lippo Industrial Estate, kawasan MM2100, Kawasan Berikat Nusantara (KBN), kawasan Industri Citeureup dan sekitarnya sampai di wilayah Sukabumi, Cilegon dan Tangerang, bahkan sampai saat ini cakupan customer sudah menjangkau hingga ke kawasan industri di Karawang dan sekitarnya, subang dan sekitarnya, cirebon, semarang dan sekitarnya.",http://www.tgg.net.id,"Industri : Teknologi Informatika"
"Staff IT",Surabaya,Negosiasi,"Junior / Entry Level","Master / S2","Sarjana / S1","PT Gemilang Maju Berjaya yang bergerak di bidang pengajaran bahasa Mandarin membutuhkan tenaga IT support. Sesuai dengan visi misi perusahaan kami, maka calon pelamar kami harapkan mempunyai semangat modern, inovatif dan siap dibentuk. Unit produk kami yang akan dipasarkan meliputi kelas reguler di tempat kursus, sekolah rekanan dan perusahaan rekanan.

Tanggung Jawab Pekerjaan :

– Mengoperasikan dan memonitor sistem database terintegrasi
– Mengembangkan platform pembelajaran online dan juga sarana pendukung pembelajaran
– Mengatasi troubleshooting untuk kendala hardware, software maupun konektivitas jaringan

Keahlian :

– Menguasai Management Information System
– Menguasai Learning Management System
– Menguasai sistem networking

Kualifikasi :

– Pria / Wanita usia 25 – 35 tahun, berpengalaman minimal 2 tahun dibidang yang sama sebelumnya
– Bisa mengoperasikan Microsoft Office
– Memiliki gelar Sarjana minimal S1
– Mampu bekerja dalam tim, enerjik dan bertanggung jawab

Waktu Bekerja :
Senin – Jumat
Tunjangan :

BPJS kesehatan dan ketenaga kerjaan

Insentif :

THR
Bonus Performance Apprisal",https://www.loker.id/information-technology/help-desk-it-support/staff-it-pt-gemilang-maju-berjaya-surabaya.html,"1970-01-01 07:00:00","         
               
            PT Gemilang Maju Berjaya        ","What is Yong Chun Chinese Language Center? Berdiri sejak 2008, Yong Chun Chinese Language Center adalah lembaga bimbingan yang memberikan pendidikan bahasa mandarin terpadu dan komprehensif bagi seluruh kalangan. Visi Yong Chun Chinese Language Center: Menjadi Lembaga Pendidikan bahasa mandarin yang modern, kompeten dan komprehensif dalam memberikan pembekalan bahasa mandarin untuk perkembangan anak bangsa. Kami tidak hanya mengedepankan sisi kompetensi akademik saja, tetapi juga menanamkan nilai budaya timur yang sarat dengan pegangan hidup di kemudian hari. Kompetensi yang dikembangkan bagi siswa/i Yong Chun Chinese Language Center : 1. Kompetensi Akademis: -> Kemampuan berbahasa, struktur bahasa, mengacu pada Ujian HSK internasional. 2. Kompetensi Budaya: -> Pemahaman akar bahasa dan pengetahuan budaya melalui kegiatan, pertunjukan dan perlombaan.",https://ycclc.com/,"Industri : Pendidikan"
"Staf IT Support",Surabaya,Negosiasi,"Junior / Entry Level","Sarjana / S1","Purna Waktu / Full Time","Universitas Teknologi Surabaya, Sebuah lembaga pendidikan swasta yang sedang berkembang membutuhkan Staf IT yang berkompeten dibidangnya.

Tanggung Jawab Pekerjaan :

– Mengontrol dan mengelola perangkat lunak disetiap Fakultas/Unit
– Mengelola data dan backup data, pengarsipan serta dokumentasi data
– Mengelola basis data setiap Fakultas/Unit
– Mengelola Siakad Kampus
– Mengelola Infra Struktur IT Kampus
– Membuat Laporan Pekerjaan sebagai pertanggungjawaban pelaksanaan tugas
– Melaksanakan tugas lain yang diberikan oleh Pimpinan.

Keahlian :

– Mampu membuat desain matrix perencanaan jangka pendek/jangka panjang
– Menguasai pemrograman coding (php, mySql, java)
– Mampu membuat FlowChart untuk menggambarkan suatu proses, sistem, atau algoritma dari sebuah jaringan dan komputer.
– Memiliki komunikasi yang baik

Kualifikasi :

– Pria, usia maksimal 35 tahun
– Lulusan S1 Teknik Informatika/ Teknik Komputer / Sistem Informasi
– Diutamakan sudah memiliki pengalaman
– Domisili di Surabaya dan sekitarnya",https://www.loker.id/information-technology/help-desk-it-support/staf-it-support-universitas-teknologi-surabaya-surabaya.html,"1970-01-01 07:00:00","         
               
            Universitas Teknologi Surabaya        ","Sebuah Lembaga Pendidikan, kampus swasta di Surabaya yang sedang berkembang, yaitu Universitas Teknologi Surabaya.",https://utssurabaya.ac.id/,"Industri : Pendidikan"
"Staff Webhost","Jakarta Timur",Negosiasi,"Junior / Entry Level",Diploma/D1/D2/D3,"Master / S2","PT Gerbang Berkah Solusi Indonesi membuka kesempatan kerja untuk STAF WEBHOST, yang berpengalaman dibidangnya, Lebih disukai pengalaman di Web Tech Stack & Security Werb

Tanggung Jawab Pekerjaan :

– Membuat responsive web
– Mengevaluasi kinerja sistem serta mengimplentasikan program & fitur baru
– Melakukan uji coba kinerja program pada setiap unit pemrograman
– Melakukan installasi website kedalam web hosting, melakukan update konten, image, halaman & memelihara website

Keahlian :

Menguasai web designer dan web programmer, serta dapat berperan sebagai web administrator

Kualifikasi :

Pria
Pengalaman min. 1 thn dibidang yang sama (freshgraduate silahkan kirim lamaran)
Pendidikan minmal Diploma

Waktu Bekerja :
Senin – Jumat (pk.09:00 – 17:00 wib)",https://www.loker.id/information-technology/web-administrator/staff-webhost-pt-gerbang-berkah-solusi-indonesia-jakarta-timur.html,"1970-01-01 07:00:00","         
               
            PT. GERBANG BERKAH SOLUSI INDONESIA        ","PT. GBSI adalah perusahaan nasional yang bergerak dibidang jasa IT, Penyelengaaran Operasional Perparkiran dan Tenaga Keamanan",http://gbparking.co.id/,"Industri : Manajemen Sumber Daya Manusia (HRD) / Konsultasi"
"Quality Assurance Engineer IT","DKI Jakarta","Rp.6 – 7 Juta","Junior / Entry Level","Sarjana / S1","Purna Waktu / Full Time","1. Plus point jika memiliki Keterampilan menggunakan automation tools seperti: Katalon, Selenium, Appium
2. Pengetahuan yang kuat tentang teknik pengujian QA dan terbiasa membuat test skenario
3. Familiar dengan RESTful API dan postman.”

Tanggung Jawab Pekerjaan :

– Memantau, menganalisis, meneliti dan menguji perkembangan seluruh produk yang diproduksi
– Melakukan monitoring proses pembuatan produk
– Melakukan verifikasi kualitas produk
– Memastikan barang yang diproduksi memiliki kualitas yang memenuhi standar perusahaan
– Merekomendasikan untuk melakukan pengolahan ulang pada produk dengan kualitas rendah
– Mendokumentasi inspeksi dan juga tes pada produk perusahaan

Keahlian :

1. Plus point jika memiliki Keterampilan menggunakan automation tools seperti: Katalon, Selenium, Appium
2. Pengetahuan yang kuat tentang teknik pengujian QA dan terbiasa membuat test skenario
3. Familiar dengan RESTful API dan postman.”

Kualifikasi :

1. Pengalaman minimal 3 tahun
2. Pendidikan minimal S1 Teknik atau Teknik Informatika/Teknik Komputer

Waktu Bekerja :
Jam 08.00 – 17.00 WIB (Senin – Jumat)",https://www.loker.id/information-technology/system-analyst/quality-assurance-engineer-it-pt-djajadiningrat-kencana-abadi-dki-jakarta.html,"1970-01-01 07:00:00","         
               
            PT. Djajadiningrat Kencana Abadi        ","Perusahaan Holding yang akan membuka perusahaan-perusahaan di bidang : - Bakery, Rumah makan dan kafe - Otomotif dan SPKLU - Konstruksi - Supermarket - IT Store - Perusahaan Teknologi Terbarukan - Yayasan - Perumahan",https://www.djajadiningrat.com,"Industri : Venture Capital"
"Help Desk / IT Support","DKI Jakarta","Rp.6 – 7 Juta","Junior / Entry Level","Sarjana / S1","Purna Waktu / Full Time","PT. Djajadiningrat Kencana Abadi adalah perusahaan Holding yang bergerak di berbagai macam bidang bisnis. Saat ini, PT. Djajadiningrat Kencana Abadi membutuhkan Help Desk / IT Support

Tanggung Jawab Pekerjaan :

1. Melakukan on site maintenance
2. Menghandle complain, handling dan troubleshooting
3. Configurasi hardware dan software

Keahlian :

1. Memiliki kemampuan troubleeshooting Windows Client, Antivirus model Client/Server, aplikasi bisnis umum untuk korporasi dan Linux.
2. Memiliki kemampuan troubleshooting LAN, WLAN .
3. Familiar atau mengerti konfigurasi Office365.
4. Memiliki kemampuan analisa kerusakan perangkat  PC atau Notebook.

Kualifikasi :

1. Pengalaman minimal 5 tahun di bidang yang sama.
2. Pendidikan minimal S1 Teknik atau Teknik Informatika/Teknik Komputer

Waktu Bekerja :
Jam 08.00 – 17.00 WIB (Senin – Jumat)",https://www.loker.id/information-technology/help-desk-it-support/help-desk-it-support-pt-djajadiningrat-kencana-abadi-dki-jakarta.html,"1970-01-01 07:00:00","         
               
            PT. Djajadiningrat Kencana Abadi        ","Perusahaan Holding yang akan membuka perusahaan-perusahaan di bidang : - Bakery, Rumah makan dan kafe - Otomotif dan SPKLU - Konstruksi - Supermarket - IT Store - Perusahaan Teknologi Terbarukan - Yayasan - Perumahan",https://www.djajadiningrat.com,"Industri : Venture Capital"
"Staff Website PIC","DKI Jakarta","Rp.6 – 7 Juta","Junior / Entry Level","Sarjana / S1","Purna Waktu / Full Time","PT. Djajadiningrat Kencana Abadi adalah perusahaan Holding yang bergerak di berbagai macam bidang bisnis. Saat ini, PT. Djajadiningrat Kencana Abadi membutuhkan Staff Website PIC – Media

Tanggung Jawab Pekerjaan :

– Bertanggung jawab dalam merencanakan, mengimplementasikan, mengelola, memantau, dan meningkatkan situs web perusahaan
– Menanggapi dan memecahkan semua masalah situs web Perusahaan
– Identifying and responding to all website security breaches.
– Bertanggung jawab dalam mengidentifikasi dan menanggapi semua pelanggaran keamanan situs web perusahaan
– Memastikan bahwa situs web dilindungi dengan mengaktifkan langkah-langkah keamanan yang sesuai.
– Meningkatkan pengalaman pengguna situs web perusahaan secara teratur
– Berkolaborasi dengan semua staf dan manajemen untuk memastikan bahwa situs web selaras dengan strategi merek dan memenuhi standar organisasi.
– Memastikan kepatuhan penuh di situs web dengan semua hukum dan peraturan.
– Memastikan situs web perusahaan up-to-date dengan praktik terbaik industri dan kepentingan perusahaan
– Membuat konten website yang sesuai dengan strategi organisasi.

Keahlian :

– Memahami prinsip dan teknologi pengembangan web dasar.
– Memiliki keterampilan komunikasi dan interpersonal yang luar biasa, dengan kemampuan untuk menjelaskan konsep teknis kepada individu non-teknis dalam bahasa Inggris dan Bahasa Indonesia
– Kemampuan pemecahan masalah yang kuat dan pandangan jauh ke depan untuk mengantisipasi dan mengatasi potensi hambatan
– Kemahiran dalam minimal 1 alat perangkat lunak manajemen

Kualifikasi :

– Lulusan S1 dalam Manajemen, Bisnis, Ilmu Komputer, atau bidang terkait.
– Memiliki pengalaman kerja 1 Tahun dalam bidang terkait
– Usia Maksimum 30 Tahun
– Lebih disukai memiliki pengalaman dalam desain atau pengembangan situs web.

Waktu Bekerja :
Jam 08.00 – 17.00 WIB (Senin – Jumat)",https://www.loker.id/information-technology/web-administrator/staff-website-pic-pt-djajadiningrat-kencana-abadi-dki-jakarta.html,"1970-01-01 07:00:00","         
               
            PT. Djajadiningrat Kencana Abadi        ","Perusahaan Holding yang akan membuka perusahaan-perusahaan di bidang : - Bakery, Rumah makan dan kafe - Otomotif dan SPKLU - Konstruksi - Supermarket - IT Store - Perusahaan Teknologi Terbarukan - Yayasan - Perumahan",https://www.djajadiningrat.com,"Industri : Venture Capital"
"Staff IT Support","Jakarta Selatan",Negosiasi,"Junior / Entry Level",Diploma/D1/D2/D3,"SMA / SMK / STM","PT. Asuransi Umum VIDEI membutuhkan beberapa staff IT support  untuk web dan aplikasi.

Tanggung Jawab Pekerjaan :

Perancangan / design
Help desk
Maintenance komputer

Keahlian :

Diutamakan menguasai aplikasi CARE TECH  dan aplikasi pendukung kegiatan usaha lainnya.

Kualifikasi :

Pengalaman minimal 1 – 2 thn di bidang yang sama

Waktu Bekerja :
Jam 08.00 – Jam 17.00 Senin sampai Jumat
Tunjangan :

Uang kehadiran, BPJS",https://www.loker.id/information-technology/help-desk-it-support/staff-it-support-pt-asuransi-umum-videi-jakarta-selatan.html,"1970-01-01 07:00:00","         
               
            PT. ASURANSI UMUM VIDEI        ","Kami adalah perusahaan yang bergerak di bidang asuransi umum dan penjaminan/suretyship, berkantor pusat di Jakarta Selatan dengan 30 kantor cabang/pemasaran serta unit pelayanan yang tersebar hampir diseluruh kota besar di Indonesia.",https://www.videi-insurance.co.id/,"Industri : Layanan Keuangan"
"IT Support",Bekasi,"Rp.6 – 7 Juta","Junior / Entry Level","Sarjana / S1",Kontrak,"1. Menyelesaikan permintaan dukungan IT dari karyawan
2. Menjawab pertanyaan karyawan tentang sistem komputer
3. Mengumpulkan dan menganalisis data untuk mendiagnosis masalah dengan sistem komputer
4. Mengubah konfigurasi, pengaturan, dan izin untuk memperbaiki masalah komputer
5. Membuat login untuk karyawan baru selama proses orientasi
6. Menginstal driver perangkat lunak dan perangkat keras baru dan memperbarui yang sudah ada sesuai kebutuhan
7. Memperbarui karyawan tentang status permintaan layanan mereka

Tanggung Jawab Pekerjaan :

1. Memastikan seluruh alat kerja karyawan (Laptop/Komputer) yang digunakan dapat berfungsi normal/berjalan seperti seharusnya yang dipakai oleh pengguna dan terhubung dengan Jariangan
2. Bertugas melakukan backup terhadap semua data agar aman dan jika sistem mengalami gangguan, jika perlu restore data dari backup system yang ada.
3. Melakukan pengecekan dan update sistem operasi dan aplikasi yang dijalankan oleh pengguna secara berkala
4. Melakukan installasi Software (Laptop/Komputer/Printer)/Hardware maupun Installasi Jaringan
5. Menjadi pihak yang turut menjaga keamanan sistem lewat berbagai tools seperti scanning dengan antivirus dan lain sebagainya.
6. Bertanggung jawab terhadap mesin pendukung semacam printer, scanner dan lain sebagainya.

Keahlian :

1. Memiliki kemampuan teknis : Installasi TCP/IP, LAN, WLAN, VLAN, Bridging, Routing and DNS,  Network configuration with MikroTik  Router, and Storage configuration (NAS and RAID).
2. Mampu menangani Virus & Malware
3. Menguasai sistem operasi komputer Software/Hardware dan Jaringan
4. Mampu berkomunikasi dengan baik dan tepat
5. Dapat Menangani masalah Software dan Hardware secara cepat

Kualifikasi :

1. Pendidikan S1 – IT Teknik Komputer
2. Pria – Usia Min 25-30 Thn
3. Pengalaman minimal 1 tahun

Waktu Bekerja :
Jam 08.00 s/d 17.00 wib",https://www.loker.id/information-technology/help-desk-it-support/it-support-pt-fico-indo-rekayasa-bekasi.html,"1970-01-01 07:00:00","         
               
            PT FICO INDO REKAYASA        ","PT FICO INDO REKAYASA adalah perusahaan bidang engineering, fabrikasi, dan instalasi stainless steel dengan focus industry farmasi, makanan, dan minuman dengan basis di Bekasi Jawa Barat dan cakupan proyek seluruh Indonesia. Saat ini kami memerlukan sumber daya manusia yang berintegritas dan menyukai tantangan untuk mewujudkan visi GLOBAL perusahaan.",https://www.loker.id/laporkan-iklan?job_id=10114338,"Industri : Industri Mesin / Peralatan Otomatisasi"
"Staff SAP",Bekasi,"Rp.3 – 4 Juta","Junior / Entry Level",Diploma/D1/D2/D3,"Sarjana / S1","PT. Sebastian Jaya Metal adalah perusahaan yang memproduksi komponen kendaraan bermotor roda dua & empat. Seiring berkembangnya jaman, kamipun membutuhkan Staff software SAP yang berkompeten dibidangnya.

Tanggung Jawab Pekerjaan :

1. Cross SAP module integration
2. Develop web application or customize existing application
3. Learn new technology when required in the process of application development
4. Problem solving and working with team on a project
5. Proven experience transitioning Functional Requirement to Technical Requirements
6. Extensive business process and functional knowledge
7. Proven experience gathering and documenting Functional Requirements
8. Ability to be flexible and work analytically in a problem-solving environment
9. Excellent communication (written and oral) and interpersonal skills

Keahlian :

1. Memiliki pengetahuan tentang software SAP
2. Dapat menguasai komputer (word, excel, powerpoint)
3. Berorientasi pada target dan memiliki loyalitas tinggi
4. Memahami ISO 9001:2015

Kualifikasi :

1. Laki-laki/Perempuan
2. Usia maksimal 35 Tahun
3. D3/S1 dari semua jurusan
4. IPK minimal 2.75
5. Memiliki SIM A dan SIM C (lebih diutamakan)
Diutamakan berpengalaman minimal 1 tahun di perusahaan manufakturing.

Waktu Bekerja :
Senin – Jumat : Jam 08.00 s/d 16.00, Sabtu : Jam 08.00 s/d 13.00
Tunjangan :

– Uang Makan,
– Uang Transport,
– BPJS Ketenagakerjaan.

Insentif :

Insentif Lembur (Overtime)",https://www.loker.id/information-technology/staff-sap-pt-sebastian-jaya-metal-bekasi.html,"1970-01-01 07:00:00","         
               
            PT. Sebastian Jaya Metal        ","Sebuah perusahaan yang memproduksi komponen kendaraan bermotor roda dua & empat.",https://www.loker.id/laporkan-iklan?job_id=7234226,"Industri : Automobil / Mesin Tambahan Automotif / Kendaraan"
"IT Application Support",Bogor,Negosiasi,"Junior / Entry Level",Diploma/D1/D2/D3,"Sarjana / S1","Tanggung Jawab Pekerjaan :

1.	Application support Website, Network, Mobile dan ERP
2.	Mengelola website corporate & email
3.	Mengelola semua proses admin terkait semua aspek IT (SW/HW Office)

Keahlian :

1. Dapat bekerja sama dengan tim
2. Dapat berorientasi dengan target sesuai yang di tentukan
3.	Memiliki pemahaman pada aplikasi Website, Network, Mobile dan ERP
4.	Fasih Software Office & Software tools lainnya
5.	Memiliki pemahaman terkait web developer

Kualifikasi :

1.	Usia Max. 35 tahun
2.     Memiliki pengalaman minimal 1 tahun di bidangnya
3.	Pendidikan Minimal D3, jurusan Manajemen Informatika, Teknik Informatika, Sistem Informasi (lebih disukai)

Waktu Bekerja :
Jam 08.00 s/d 17.00, Senin – Jum’at | Jam 08.00 s/d 14.00, Sabtu
Tunjangan :

Uang Makan dan Uang Transport",https://www.loker.id/information-technology/help-desk-it-support/it-application-support-pt-wijaya-putra-samudra-bogor.html,"2024-04-29 00:00:00","         
               
            PT. Wijaya Putra Samudra        ","Maklon Suplemen & Manufaktur Minuman Serbuk",https://jfoods.id/,"Industri : Manufakturing Umum"
"IT Support",Bekasi,"Rp.2 – 3 Juta","Junior / Entry Level",Diploma/D1/D2/D3,"Sarjana / S1","PT. FTF Globalindo Saat ini membutuhkan IT Support untuk wilayah Bekasi dan sekitarnya, melakukan instalasi software dan hardware, melakukan maintenance dan juga. 

Tanggung Jawab Pekerjaan :

– Melakukan pemasangan perangkat komputer
– Melakukan Perbaikan Pada Perangkat Komputer
– Analisa Masalah yang terjadi pada Perangkat Klient
– Instalasi Software
– Pemasangan Jaringan Komputer

Keahlian :

– Networking
– Troubleshooting
– Instalasi Software
– Instalasi Komputer
– Memahami Jaringan LAN/WAN/MAN
– Memahami Server
– Mengerti Komputer

Kualifikasi :

– Pria usia 19 s/d 28 thn
– Pendidikan minimal SMK TKJ/RPL
– Dapat bekerja Remot/mobile
– Memiliki Kendaraan Pribadi
– Memiliki sim C yang masih aktif
– Pengalaman Minimal 1 tahun

Waktu Bekerja :
jam 08.00 s/d 17.00, Senin-Jumat
Tunjangan :

– Uang Makan / Transport
– Reimbush
– Oli Kendaraan
– Bensin/Parkir",https://www.loker.id/information-technology/help-desk-it-support/it-support-pt-ftf-globalindo-bekasi.html,"1970-01-01 07:00:00","         
               
            PT. FTF Globalindo        ","PT. FTF Globalindo adalah sebuah perusahaan yang bergerak di bidang jasa & produk Teknologi Informasi (TI) yang berlokasi di Jakarta-Indonesia. Perusahaan kami terus berkembang mengikuti perkembangan dan tuntutan bisnis global. Komitmen kami adalah menyediakan jasa layanan teknologi informasi terbaik untuk klien kami.",https://www.ftfservices.biz/,"Industri : Teknologi Informatika"
"Staff IT","Jakarta Pusat","Rp.4 – 5 Juta","Junior / Entry Level","Sarjana / S1",Kontrak,"PT. PESONA INDAH KOSMETIK adalah perusahaan yang bergerak di bidang penjualan kosmetik khususnya produk SKINCARE. saat ini kami membuka lowongan kerja untuk mengisi posisi sebagai STAFF IT

Tanggung Jawab Pekerjaan :

Mampu bekerja sama dengan team dan secara mandiri.
Membuat program sesuai kebutuhan perusahaan
Melakukan pengembangan terhadap program perusahaan terutama website.
Melakukan pemeliharaan dan perawatan kondisi server
roubleshooting dan melakukan perbaikan terhadap masalah yang muncul
Menyelesaikan semua tugas sesuai deadline yang sudah ditentukan.

Keahlian :

Memiliki pengetahuan tentang HTML, CSS, JavaScript
Memiliki pengetahuan tentang Python dan Framework Django
Nilai tambah apabila dapat menampilkan portofolio / membawa contoh website (static ataupun dynamic) yang pernah dibuat
Nilai tambah apabila memiliki pengetahuan tentang Web Server dan Internet Security

Kualifikasi :

Pendidikan minimal S1 Sistem Informasi / Teknik Informatika atau setara
fresh graduate silahkan melamar
Mampu bekerja sama dengan team dan secara mandiri.

Waktu Bekerja :
jam 9 s/d 17, senin – jumat
Tunjangan :

bpjs",https://www.loker.id/information-technology/web-administrator/staff-it-pt-pesona-indah-kosmetik-jakarta-pusat.html,"1970-01-01 07:00:00","         
               
            PT. PESONA INDAH KOSMETIK        ","PT. PESONA INDAH KOSMETIK adalah perusahaan yang bergerak di bidang penjualan kosmetik khususnya produk SKINCARE. Kami mempunyai tujuan untuk memberikan produk SKINCARE dengan kualitas terbaik dan dengan harga yg terjangkau bagi seluruh konsumen. Saat ini kami ingin mengajak kandidat2 muda yang ingin berkembang dan sukses untuk bergabung dengan tim kami.",https://www.loker.id/laporkan-iklan?job_id=12600297,"Industri : Consumer Goods"
"IT Support","Jakarta Utara",Negosiasi,"Junior / Entry Level",Diploma/D1/D2/D3,"Sarjana / S1","PT Megasatria Hiciter Bergerak dibidang Coding marking , Labelling Machine industrial membutuhkan sales engineer yang mampu memiliki kemampuan dalam hal penjualan dan skill khususnya dalam bidang industrial.

Tanggung Jawab Pekerjaan :

• Melakukan pekerjaan yang berhubungan dengan bagian staff IT dan IT Support
• Development & troubleshoot sistem
• Mendokumentasikan mulai dari perancangan sampai dengan manual book aplikasi
• Mengintegrasikan data dari beberapa sistem dan database ke mesin inket printer
• Terlibat di dalam project IT yang berhubungan dengan software

Keahlian :

– Handal dan menguasai troubleshooting hardware dan software
– Handal dan menguasai Windows, Linux, LAN, WAN, setting router
– Handal dan mampu merakit, memperbaiki Laptop, PC, Printer
– Handal menggunakan SQL Query dan PostgreSQL/Oracle database
– Memiliki pengetahuan dan pengalaman di alur bisnis proses perusahaan dagang dan manufaktur.
– Mengerti Windows Server, Memiliki kemampuan analisa system
– Memiliki pengetahuan tentang CMS (WordPress dan Joomla), HTML, OpenX, Google Analytics, CSS, javascript, jquery, Ajax, JSON

Kualifikasi :

• Pria dan Wanita
• Usia Maksimal 32 tahun
• Pendidikan Minimal D3 / S1 (Informatika)
• Mengerti dan menguasai Web / desktop / database / mobile programming
• Berdomisili di Jakarta
• Memiliki Pengalaman Bekerja Minimal 1 Tahun di Bidang yang sama (disukai), Fresh Graduate Wellcome

Waktu Bekerja :
jam 08.00 – 17.00  senin s/d Jumat
Tunjangan :

BPJS",https://www.loker.id/information-technology/help-desk-it-support/it-support-pt-megasatria-hiciter-jakarta-utara.html,"1970-01-01 07:00:00","         
               
            pt megasatria hiciter        ","Authorized Master Dealer of Hitachi inkjet printer",https://www.hitachiprinting.co.id,"Industri : Industri Mesin / Peralatan Otomatisasi"
